Company,TypeName,Inches,Ram,OpSys,Weight,Price_euros,Screen_Width,Screen_Height,CPU_Brand,CPU_Frequency,Memory_Amount,Memory_Type,GPU_Brand
HP,Notebook,15.6,8,No OS,1.86,575.0,1920,1080,Intel,2.5,256000,SSD,Intel
Acer,Notebook,15.6,4,Windows 10,2.1,400.0,1366,768,AMD,3.0,500000,HDD,AMD
Asus,Ultrabook,14.0,16,Windows 10,1.3,1495.0,1920,1080,Intel,1.8,512000,SSD,Nvidia
Acer,Ultrabook,14.0,8,Windows 10,1.6,770.0,1920,1080,Intel,1.6,256000,SSD,Intel
HP,Notebook,15.6,4,No OS,1.86,393.9,1366,768,Intel,2.5,500000,HDD,Intel
HP,Notebook,15.6,4,No OS,1.86,344.99,1920,1080,Intel,2.0,500000,HDD,Intel
Dell,Notebook,15.6,4,Windows 10,2.2,498.9,1920,1080,Intel,2.0,256000,SSD,AMD
Dell,Notebook,15.6,8,Windows 10,2.2,745.0,1920,1080,Intel,2.7,256000,SSD,AMD
Lenovo,Notebook,15.6,8,No OS,2.2,499.0,1920,1080,Intel,2.4,1000000,HDD,Nvidia
Dell,Ultrabook,13.3,8,Windows 10,1.22,979.0,1920,1080,Intel,1.6,128000,SSD,Intel
Asus,Netbook,11.6,2,Windows 10,0.98,191.9,1366,768,Intel,1.44,32000,Flash,Intel
Lenovo,Gaming,15.6,8,Windows 10,2.5,999.0,1920,1080,Intel,2.5,128000,SSD,Nvidia
HP,Notebook,15.6,4,No OS,1.86,258.0,1366,768,AMD,1.5,500000,HDD,AMD
Dell,2in1_Convertible,13.3,8,Windows 10,1.62,819.0,1920,1080,Intel,1.6,256000,SSD,Intel
HP,Ultrabook,15.6,8,Windows 10,1.91,659.0,1920,1080,Intel,1.8,256000,SSD,Intel
Dell,Notebook,15.6,4,Windows 10,2.3,418.64,1366,768,Intel,2.0,1000000,HDD,Intel
Dell,Notebook,15.6,8,Windows 10,2.2,800.0,1920,1080,Intel,1.6,256000,SSD,AMD
Dell,Ultrabook,15.6,8,Windows 10,1.88,1298.0,1920,1080,Intel,1.9,256000,SSD,Intel
HP,Notebook,17.3,8,Windows 10,2.5,896.0,1920,1080,Intel,1.6,1000000,HDD,Nvidia
Asus,Notebook,14.0,2,Windows 10,1.65,199.0,1366,768,AMD,1.5,32000,Flash,AMD
HP,Notebook,17.3,4,Windows 10,2.71,439.0,1920,1080,AMD,2.5,500000,HDD,AMD
Dell,Ultrabook,13.3,16,Windows 10,1.2,1869.0,3200,1800,Intel,1.8,512000,SSD,Intel
Lenovo,Notebook,14.0,4,Windows 10,1.44,249.0,1366,768,Intel,1.1,64000,Flash,Intel
Acer,Notebook,15.6,4,Linux,2.1,367.0,1366,768,Intel,2.7,1000000,HDD,Intel
Dell,Notebook,17.3,8,Windows 10,2.8,979.0,1920,1080,Intel,1.6,128000,SSD,AMD
HP,Notebook,15.6,4,Windows 10,1.86,488.69,1366,768,Intel,2.5,1000000,HDD,Intel
HP,Notebook,15.6,8,Windows 10,2.1,879.0,1920,1080,Intel,1.6,256000,SSD,Nvidia
Asus,Notebook,15.6,4,Linux,2.0,389.0,1920,1080,Intel,2.0,1000000,HDD,Intel
Dell,Gaming,15.6,16,Windows 10,2.65,1499.0,1920,1080,Intel,2.8,256000,SSD,Nvidia
Asus,Notebook,15.6,8,Linux,2.3,522.99,1366,768,Intel,2.5,1000000,HDD,Nvidia
Acer,Notebook,15.6,4,Windows 10,2.2,682.0,1920,1080,Intel,1.6,256000,SSD,Intel
Dell,2in1_Convertible,17.3,12,Windows 10,2.77,999.0,1920,1080,Intel,1.6,1000000,HDD,Nvidia
Lenovo,Notebook,15.6,4,No OS,2.2,369.0,1366,768,Intel,2.0,128000,SSD,Intel
Asus,Gaming,17.3,8,Windows 10,3.2,1299.0,1920,1080,AMD,3.0,256000,SSD,AMD
Dell,Notebook,15.6,4,Windows 10,2.3,639.0,1920,1080,Intel,2.5,256000,SSD,AMD
Asus,Notebook,17.3,4,Windows 10,2.8,466.0,1366,768,Intel,1.1,1000000,HDD,Nvidia
Lenovo,2in1_Convertible,10.1,4,Android,0.69,319.0,1920,1200,Intel,1.44,64000,Flash,Intel
Acer,Notebook,15.6,8,Windows 10,2.2,841.0,1920,1080,Intel,1.8,256000,SSD,Nvidia
HP,Notebook,15.6,4,Windows 10,1.86,398.49,1920,1080,AMD,2.5,256000,SSD,AMD
HP,Notebook,13.3,8,Windows 10,1.49,1103.0,1920,1080,Intel,1.8,512000,SSD,Intel
Acer,Notebook,15.6,4,Windows 10,2.4,384.0,1366,768,Intel,2.4,1000000,HDD,Intel
Dell,Notebook,15.6,8,Windows 10,2.13,767.8,1920,1080,Intel,1.8,256000,SSD,AMD
HP,Notebook,15.6,4,Windows 10,1.91,439.0,1920,1080,Intel,2.0,128000,SSD,Intel
Asus,Notebook,15.6,4,Windows 10,2.0,586.19,1366,768,Intel,2.5,256000,SSD,Intel
Asus,Notebook,15.6,4,Linux,2.0,415.0,1920,1080,Intel,2.0,256000,SSD,Intel
Dell,Notebook,17.3,16,Windows 10,2.8,1299.0,1920,1080,Intel,1.8,256000,SSD,AMD
Dell,Ultrabook,14.0,8,Windows 10,1.7,879.0,1920,1080,Intel,1.6,256000,SSD,Intel
Lenovo,Notebook,14.0,8,No OS,1.7,599.0,1920,1080,Intel,2.7,256000,SSD,Intel
Asus,Notebook,14.0,8,Windows 10,1.4,941.0,1920,1080,Intel,1.6,256000,SSD,Intel
HP,Notebook,15.6,8,Windows 10,1.86,690.0,1920,1080,Intel,2.5,256000,SSD,Intel
Asus,Ultrabook,15.6,16,Windows 10,1.8,1983.0,1920,1080,Intel,2.8,512000,SSD,Nvidia
HP,Notebook,15.6,4,Windows 10,1.86,438.69,1366,768,Intel,2.0,500000,HDD,AMD
HP,Notebook,14.0,4,Windows 10,1.44,229.0,1366,768,Intel,1.6,32000,SSD,Intel
Lenovo,Notebook,15.6,4,Windows 10,1.9,549.0,1920,1080,Intel,2.5,1000000,HDD,Intel
Asus,Gaming,17.3,12,Linux,3.0,949.0,1920,1080,Intel,2.8,1000000,HDD,Nvidia
Dell,Ultrabook,13.3,8,Windows 10,1.4,955.0,1920,1080,Intel,1.8,256000,SSD,AMD
Dell,Notebook,15.6,8,Windows 10,2.2,870.0,1920,1080,Intel,1.8,256000,SSD,AMD
Acer,Notebook,14.0,8,Windows 10,2.1,389.0,1366,768,Intel,2.0,1000000,HDD,Intel
Asus,Gaming,15.6,8,Windows 10,2.2,949.0,1920,1080,Intel,2.8,1000000,HDD,Nvidia
Lenovo,Notebook,15.6,8,No OS,2.2,519.0,1920,1080,Intel,2.5,2000000,HDD,Intel
Dell,Notebook,15.6,8,Windows 10,2.02,855.0,1920,1080,Intel,1.8,128000,SSD,Intel
Acer,Notebook,15.6,4,Windows 10,2.2,530.0,1920,1080,Intel,2.7,1000000,HDD,Nvidia
HP,Notebook,17.3,8,Windows 10,2.5,977.0,1920,1080,Intel,1.6,128000,SSD,Nvidia
Dell,Ultrabook,15.6,8,Windows 10,1.88,1096.16,1920,1080,Intel,1.6,256000,SSD,Intel
HP,Notebook,14.0,8,Windows 10,1.63,860.0,1920,1080,Intel,1.6,256000,SSD,Intel
Lenovo,Notebook,15.6,4,Windows 10,2.2,399.0,1920,1080,AMD,2.5,128000,SSD,AMD
Acer,Notebook,15.6,4,Windows 10,2.1,395.0,1366,768,AMD,3.0,1000000,HDD,AMD
Dell,Gaming,15.6,16,Windows 10,2.65,1349.0,1920,1080,Intel,2.8,128000,SSD,Nvidia
HP,Ultrabook,15.6,8,Windows 10,1.83,699.0,1920,1080,Intel,1.8,256000,SSD,Nvidia
HP,Notebook,15.6,8,Windows 10,1.96,598.99,1920,1080,Intel,2.5,256000,SSD,Intel
Asus,Gaming,15.6,16,Windows 10,2.2,1449.0,1920,1080,Intel,2.8,128000,SSD,Nvidia
Dell,Ultrabook,13.3,8,Windows 10,1.21,1649.0,1920,1080,Intel,1.8,256000,SSD,Intel
Asus,Gaming,15.6,8,Windows 10,2.45,699.0,1920,1080,AMD,3.0,1000000,HDD,AMD
Acer,Notebook,15.6,8,Windows 10,2.2,689.0,1920,1080,Intel,1.8,1000000,HDD,Nvidia
HP,Notebook,13.3,16,Windows 10,1.49,1197.0,1920,1080,Intel,1.8,512000,SSD,Intel
Dell,Gaming,15.6,8,Windows 10,2.65,1195.0,1920,1080,Intel,2.5,256000,SSD,Nvidia
Asus,Ultrabook,14.0,8,Windows 10,1.25,1049.0,1920,1080,Intel,2.7,256000,SSD,Intel
Acer,2in1_Convertible,13.3,8,Windows 10,1.5,847.0,1920,1080,Intel,1.6,256000,SSD,Intel
Dell,Notebook,15.6,8,Linux,2.2,599.9,1920,1080,Intel,2.7,1000000,HDD,AMD
Dell,Notebook,15.6,4,Linux,2.2,485.0,1920,1080,Intel,2.0,256000,SSD,AMD
Asus,Notebook,15.6,6,Windows 10,2.0,577.0,1920,1080,Intel,2.4,256000,SSD,Nvidia
HP,Gaming,15.6,12,Windows 10,2.62,1249.0,1920,1080,Intel,2.8,128000,SSD,Nvidia
HP,Notebook,15.6,8,Windows 10,1.91,719.0,1920,1080,Intel,2.7,256000,SSD,AMD
HP,Notebook,15.6,4,Windows 10,2.1,349.0,1920,1080,AMD,1.5,500000,HDD,AMD
Dell,Notebook,15.6,8,Linux,2.2,647.0,1920,1080,Intel,1.6,1000000,HDD,AMD
HP,Ultrabook,13.3,8,Windows 10,1.38,1119.0,1920,1080,Intel,2.7,256000,SSD,Nvidia
HP,Notebook,14.0,6,Windows 10,1.58,659.0,1920,1080,Intel,2.5,256000,SSD,Nvidia
Lenovo,Notebook,15.6,4,Windows 10,1.85,414.9,1920,1080,Intel,2.0,1000000,HDD,Intel
Asus,Ultrabook,14.0,8,Windows 10,1.3,1193.0,1920,1080,Intel,2.7,256000,SSD,Nvidia
Lenovo,Notebook,14.0,8,Windows 10,1.58,1480.0,1920,1080,Intel,2.7,256000,SSD,Intel
Asus,Ultrabook,15.6,16,Windows 10,1.5,1262.0,1920,1080,Intel,1.8,256000,SSD,Nvidia
Dell,Ultrabook,13.3,8,Windows 10,1.23,1379.0,3200,1800,Intel,2.4,256000,SSD,Intel
Lenovo,2in1_Convertible,13.3,8,Windows 10,1.37,1399.0,1920,1080,Intel,2.5,256000,SSD,Intel
HP,Notebook,14.0,4,Windows 10,1.63,722.0,1366,768,Intel,1.6,500000,HDD,Intel
Dell,Ultrabook,13.3,8,Windows 10,1.21,1629.0,1920,1080,Intel,1.6,256000,SSD,Intel
HP,2in1_Convertible,13.3,8,Windows 10,1.26,1398.99,1920,1080,Intel,1.6,256000,SSD,Intel
HP,Notebook,14.0,8,Windows 10,1.63,1084.0,1920,1080,Intel,1.8,512000,SSD,Intel
Dell,Notebook,15.6,8,Windows 10,2.16,1130.33,1920,1080,Intel,1.8,256000,SSD,Nvidia
Asus,Notebook,17.3,4,Windows 10,2.0,564.0,1920,1080,Intel,2.0,1000000,HDD,Nvidia
Asus,Notebook,15.6,8,Windows 10,1.7,1118.0,1920,1080,Intel,1.8,256000,SSD,Nvidia
Acer,Notebook,15.6,6,Windows 10,2.1,479.0,1920,1080,Intel,2.4,1000000,HDD,Intel
Lenovo,Notebook,15.6,8,No OS,2.2,629.0,1920,1080,Intel,2.5,256000,SSD,Nvidia
HP,Notebook,17.3,16,Windows 10,2.5,1271.0,1920,1080,Intel,1.8,512000,SSD,Nvidia
Acer,Notebook,15.6,4,Windows 10,2.1,451.0,1366,768,AMD,3.0,256000,SSD,AMD
HP,Notebook,15.6,4,No OS,1.86,259.0,1366,768,Intel,1.6,500000,HDD,Intel
HP,Notebook,14.0,8,Windows 10,1.63,812.0,1920,1080,Intel,1.6,1000000,HDD,Intel
Asus,Notebook,14.0,4,Windows 10 S,1.65,277.99,1366,768,AMD,1.5,64000,SSD,AMD
Dell,Notebook,17.3,16,Windows 10,2.8,1396.0,1920,1080,Intel,1.8,256000,SSD,AMD
HP,Notebook,17.3,8,Windows 10,2.5,928.0,1920,1080,Intel,1.6,256000,SSD,Intel
Dell,Notebook,15.6,8,Windows 10,2.36,638.99,1366,768,Intel,2.5,1000000,HDD,AMD
Dell,Notebook,15.6,4,Windows 10,2.2,449.0,1920,1080,Intel,2.0,1000000,HDD,AMD
Acer,Ultrabook,14.0,8,Windows 10,1.6,884.0,1920,1080,Intel,1.8,256000,SSD,Intel
Acer,Notebook,15.6,4,Windows 10,2.2,572.0,1920,1080,Intel,2.7,256000,SSD,Nvidia
HP,Notebook,15.6,8,Windows 10,2.05,598.0,1366,768,Intel,2.7,1000000,HDD,Intel
HP,Notebook,14.0,8,Windows 10,1.63,988.0,1920,1080,Intel,1.8,256000,SSD,Intel
Lenovo,Notebook,15.6,4,No OS,1.9,252.36,1366,768,Intel,1.1,1000000,HDD,Intel
Asus,Gaming,17.3,8,Windows 10,3.0,938.0,1920,1080,Intel,2.5,128000,SSD,Nvidia
Lenovo,Notebook,15.6,4,No OS,2.2,499.0,1920,1080,Intel,2.5,1000000,HDD,Nvidia
HP,Notebook,13.3,4,Windows 10,1.32,699.0,1920,1080,Intel,2.5,256000,SSD,Intel
Acer,Notebook,17.3,4,Windows 10,3.0,655.0,1920,1080,Intel,2.7,1000000,HDD,Nvidia
Lenovo,Notebook,14.0,8,Windows 10,1.75,1116.02,1920,1080,Intel,1.6,256000,SSD,AMD
Lenovo,Gaming,15.6,8,No OS,2.4,869.0,1920,1080,Intel,2.8,256000,SSD,Nvidia
HP,Notebook,15.6,4,Windows 10,1.86,369.0,1366,768,AMD,2.5,256000,SSD,AMD
Asus,Ultrabook,14.0,8,Windows 10,1.25,1099.0,1920,1080,Intel,1.8,256000,SSD,Intel
HP,Ultrabook,12.5,8,Windows 10,0.97,2014.0,3840,2160,Intel,1.2,512000,SSD,Intel
Asus,Notebook,15.6,4,Windows 10,2.0,344.0,1920,1080,Intel,1.1,1000000,HDD,Intel
Acer,Notebook,15.6,4,Windows 10,2.1,447.0,1366,768,Intel,2.0,1000000,HDD,Intel
Dell,Gaming,15.6,16,Windows 10,2.56,1249.26,1920,1080,Intel,2.8,512000,SSD,Nvidia
Dell,Gaming,15.6,8,Windows 10,2.62,899.0,1920,1080,Intel,2.8,1000000,Hybrid,Nvidia
Lenovo,Notebook,15.6,4,Windows 10,1.9,498.0,1366,768,Intel,2.5,128000,SSD,Intel
HP,Ultrabook,14.0,4,Windows 10,1.48,1082.0,1920,1080,Intel,2.7,256000,SSD,Intel
HP,Notebook,15.6,6,Windows 10,1.91,619.0,1920,1080,Intel,1.6,256000,SSD,AMD
Lenovo,2in1_Convertible,14.0,4,Windows 10,1.74,629.0,1920,1080,Intel,2.4,256000,SSD,Intel
Asus,2in1_Convertible,13.3,8,Windows 10,1.1,1315.0,1920,1080,Intel,1.6,256000,SSD,Intel
Dell,2in1_Convertible,15.6,8,Windows 10,1.56,1049.0,1920,1080,Intel,1.8,256000,SSD,Intel
Asus,Notebook,15.6,4,Windows 10,2.03,403.0,1366,768,AMD,3.0,1000000,HDD,AMD
Acer,Notebook,17.3,4,Windows 10,3.0,805.0,1920,1080,Intel,1.6,256000,SSD,Nvidia
Dell,Notebook,15.6,8,Windows 10,2.13,728.0,1920,1080,Intel,1.6,256000,SSD,AMD
Lenovo,Gaming,15.6,16,Windows 10,2.5,1079.0,1920,1080,Intel,2.8,256000,SSD,Nvidia
Acer,Notebook,15.6,4,Windows 10,2.1,348.0,1366,768,Intel,1.1,1000000,HDD,Intel
Acer,Notebook,15.6,4,Windows 10,2.1,363.51,1366,768,Intel,1.1,1000000,HDD,Intel
Dell,Gaming,15.6,8,Windows 10,2.56,1060.49,1920,1080,Intel,2.8,128000,SSD,Nvidia
Acer,Notebook,17.3,8,Windows 10,3.0,854.0,1920,1080,Intel,1.6,256000,SSD,Nvidia
HP,Notebook,13.3,4,Windows 10,1.49,754.0,1920,1080,Intel,1.6,500000,HDD,Intel
HP,Notebook,17.3,6,Windows 10,2.71,699.0,1920,1080,Intel,2.5,2000000,HDD,AMD
Lenovo,Notebook,15.6,4,No OS,2.2,309.0,1366,768,AMD,2.9,500000,HDD,AMD
HP,Notebook,17.3,8,Windows 10,2.5,923.0,1920,1080,Intel,1.6,256000,SSD,Nvidia
Dell,Notebook,15.6,8,Windows 10,2.3,459.0,1366,768,Intel,2.4,1000000,HDD,Intel
Acer,Notebook,15.6,4,Windows 10,2.1,449.0,1366,768,Intel,2.0,128000,SSD,Intel
Lenovo,Notebook,15.6,8,Windows 10,1.9,813.0,1920,1080,Intel,2.5,128000,SSD,AMD
HP,2in1_Convertible,13.3,8,Windows 10,1.29,1499.0,3840,2160,Intel,1.6,256000,SSD,Intel
Dell,Notebook,15.6,16,Linux,2.02,1049.0,1920,1080,Intel,1.8,256000,SSD,AMD
Dell,Ultrabook,13.3,8,Windows 10,1.23,1399.0,1920,1080,Intel,1.6,256000,SSD,Intel
Lenovo,2in1_Convertible,13.9,16,Windows 10,1.4,1849.0,3840,2160,Intel,1.8,512000,SSD,Intel
Dell,Notebook,17.3,16,Windows 10,2.77,1549.0,1920,1080,Intel,1.8,512000,SSD,Nvidia
Dell,Notebook,15.6,16,Windows 10,2.06,2397.0,3840,2160,Intel,2.8,512000,SSD,Nvidia
Lenovo,Gaming,15.6,8,No OS,2.4,779.0,1920,1080,Intel,2.5,256000,SSD,Nvidia
Acer,Ultrabook,13.3,8,Windows 10,1.12,989.0,1920,1080,Intel,1.2,256000,SSD,Intel
Dell,Notebook,17.3,8,Windows 10,2.8,1085.0,1920,1080,Intel,1.8,128000,SSD,AMD
Lenovo,2in1_Convertible,14.0,16,Windows 10,1.42,2824.0,2560,1440,Intel,2.7,1000000,SSD,Intel
Lenovo,Notebook,17.3,8,No OS,2.8,698.0,1600,900,Intel,1.6,256000,SSD,Nvidia
Dell,2in1_Convertible,13.3,8,Windows 10,1.62,839.0,1920,1080,Intel,1.8,1000000,HDD,Intel
HP,Notebook,17.3,8,Windows 10,2.5,914.0,1920,1080,Intel,1.6,1000000,HDD,Nvidia
HP,Notebook,13.3,8,Windows 10,1.49,959.0,1920,1080,Intel,1.6,512000,SSD,Intel
HP,Gaming,17.3,16,Windows 10,3.35,1379.0,1920,1080,Intel,2.8,256000,SSD,Nvidia
HP,Notebook,17.3,8,Windows 10,2.5,1045.0,1920,1080,Intel,1.8,256000,SSD,Nvidia
Dell,Gaming,15.6,16,Windows 10,2.65,1845.0,3840,2160,Intel,2.8,512000,SSD,Nvidia
Lenovo,Notebook,15.6,4,Windows 10,2.1,493.0,1366,768,Intel,2.3,128000,SSD,Intel
Acer,Notebook,15.6,8,Windows 10,2.23,742.0,1920,1080,Intel,2.7,1000000,HDD,Nvidia
Lenovo,Gaming,15.6,16,Windows 10,3.2,1749.0,1920,1080,Intel,2.8,512000,SSD,Nvidia
Dell,Workstation,15.6,16,Windows 10,2.8,3055.0,3840,2160,Intel,3.0,256000,SSD,Nvidia
Lenovo,Gaming,15.6,16,No OS,2.4,1398.0,1920,1080,Intel,2.8,512000,SSD,Nvidia
Dell,Notebook,15.6,6,Windows 10,2.3,439.0,1366,768,Intel,2.4,1000000,HDD,Intel
Dell,Ultrabook,13.3,8,Windows 10,1.21,1949.0,3840,2160,Intel,1.8,256000,SSD,Intel
Dell,Ultrabook,13.3,8,Windows 10,1.2,1449.0,1920,1080,Intel,1.8,256000,SSD,Intel
Lenovo,Notebook,15.6,8,Windows 10,2.2,597.0,1366,768,Intel,2.5,256000,SSD,Intel
Acer,Notebook,15.6,8,Linux,2.4,779.0,1920,1080,Intel,2.8,1000000,HDD,Nvidia
Asus,Gaming,17.3,16,Windows 10,2.9,1407.0,1920,1080,Intel,2.8,256000,SSD,Nvidia
HP,Notebook,15.6,4,No OS,2.1,349.0,1920,1080,Intel,2.0,500000,HDD,Intel
Lenovo,Notebook,15.6,8,No OS,2.2,549.0,1920,1080,Intel,2.5,256000,SSD,Intel
Dell,Ultrabook,13.3,8,Windows 10,1.4,931.88,1920,1080,Intel,1.8,256000,SSD,AMD
Lenovo,Notebook,17.3,8,No OS,2.8,589.0,1600,900,Intel,2.5,1000000,HDD,Nvidia
HP,Notebook,14.0,8,Windows 10,1.63,1031.0,1920,1080,Intel,1.8,256000,SSD,Nvidia
Dell,Ultrabook,14.0,8,Windows 10,1.6,1149.0,1920,1080,Intel,1.6,256000,SSD,Intel
Dell,2in1_Convertible,13.3,16,Windows 10,1.62,1279.0,1920,1080,Intel,1.8,512000,SSD,Intel
Dell,Notebook,15.6,8,Linux,2.2,677.35,1920,1080,Intel,1.6,256000,SSD,AMD
Lenovo,2in1_Convertible,14.0,8,Windows 10,1.74,899.0,1920,1080,Intel,1.6,256000,SSD,Intel
HP,Notebook,15.6,8,Windows 10,2.1,794.0,1920,1080,Intel,1.6,1000000,HDD,Intel
Dell,Gaming,17.3,16,Windows 10,4.42,2456.34,1920,1080,Intel,2.8,256000,SSD,Nvidia
Acer,Notebook,15.6,8,Windows 10,2.2,832.0,1920,1080,Intel,2.7,256000,SSD,Nvidia
Dell,Notebook,15.6,16,Windows 10,2.3,859.01,1920,1080,Intel,2.7,1000000,HDD,AMD
Asus,Notebook,15.6,8,Windows 10,2.0,769.0,1920,1080,Intel,2.5,256000,SSD,Nvidia
Asus,Notebook,17.3,8,Windows 10,2.69,891.0,1920,1080,Intel,2.5,256000,SSD,Nvidia
HP,Notebook,15.6,8,Windows 10,1.9,1269.0,1920,1080,Intel,2.7,1000000,HDD,AMD
Asus,Notebook,15.6,4,Windows 10,2.37,398.99,1366,768,Intel,2.4,1000000,HDD,Intel
HP,Notebook,15.6,4,Windows 10,2.1,330.0,1366,768,AMD,1.5,500000,HDD,AMD
Lenovo,Gaming,15.6,16,Windows 10,3.2,1499.0,1920,1080,Intel,2.8,256000,SSD,Nvidia
Dell,Notebook,14.0,8,Windows 10,1.6,859.0,1920,1080,Intel,2.5,256000,SSD,Intel
Acer,2in1_Convertible,13.3,8,Windows 10,1.6,689.0,1920,1080,Intel,2.3,256000,SSD,Intel
Dell,Notebook,15.6,16,Linux,2.36,899.0,1920,1080,Intel,2.7,256000,SSD,AMD
Acer,Notebook,15.6,4,Linux,2.1,390.0,1366,768,Intel,2.0,1000000,HDD,Intel
Asus,Notebook,15.6,4,Windows 10,2.2,575.0,1920,1080,AMD,2.5,128000,SSD,AMD
Asus,Gaming,17.3,32,Windows 10,4.7,3890.0,1920,1080,Intel,2.9,512000,SSD,Nvidia
Acer,Gaming,15.6,8,Windows 10,2.5,846.0,1920,1080,Intel,2.5,256000,SSD,Nvidia
Lenovo,Notebook,15.6,8,Windows 10,2.2,589.0,1366,768,Intel,2.0,128000,SSD,Intel
Asus,Notebook,17.3,8,Windows 10,2.1,1145.0,1920,1080,Intel,1.8,128000,SSD,Nvidia
Asus,Notebook,17.3,8,No OS,2.69,889.0,1920,1080,Intel,2.7,128000,SSD,Nvidia
Dell,Gaming,15.6,8,Windows 10,2.56,879.0,1920,1080,Intel,2.5,256000,SSD,Nvidia
Lenovo,2in1_Convertible,13.9,8,Windows 10,1.38,1079.0,1920,1080,Intel,2.7,256000,SSD,Intel
Dell,Notebook,15.6,8,Windows 10,2.2,985.0,1920,1080,Intel,1.8,128000,SSD,AMD
HP,Notebook,15.6,8,Windows 10,2.04,559.0,1366,768,Intel,2.5,1000000,HDD,Intel
Asus,Gaming,17.3,16,Windows 10,3.6,2999.0,1920,1080,Intel,2.9,256000,SSD,Nvidia
HP,Notebook,13.3,4,Windows 10,1.49,675.0,1920,1080,Intel,1.6,500000,HDD,Intel
Dell,2in1_Convertible,15.6,8,Windows 10,2.08,819.0,1920,1080,Intel,1.8,1000000,HDD,Intel
Asus,Gaming,17.3,16,Windows 10,4.3,1799.0,1920,1080,Intel,2.8,256000,SSD,Nvidia
Asus,Notebook,15.6,4,Windows 10,1.68,469.0,1366,768,AMD,3.0,1000000,HDD,AMD
Lenovo,2in1_Convertible,13.9,8,Windows 10,1.37,1849.0,1920,1080,Intel,1.8,512000,SSD,Intel
Acer,Notebook,17.3,4,Windows 10,3.0,702.0,1920,1080,Intel,2.7,256000,SSD,Nvidia
Dell,Ultrabook,13.3,8,Windows 10,1.41,949.0,1920,1080,Intel,1.6,256000,SSD,Intel
HP,Notebook,15.6,8,Windows 10,1.91,445.9,1366,768,AMD,2.5,128000,SSD,AMD
HP,Notebook,17.3,16,Windows 10,2.9,1059.0,1920,1080,Intel,1.8,1000000,HDD,Nvidia
Lenovo,2in1_Convertible,15.6,8,Windows 10,2.0,1699.0,1920,1080,Intel,2.8,512000,SSD,Nvidia
Dell,Notebook,17.3,8,Windows 10,2.8,1142.0,1920,1080,Intel,1.8,128000,SSD,AMD
Lenovo,Notebook,15.6,4,No OS,2.2,444.0,1920,1080,Intel,2.0,256000,SSD,Intel
HP,Notebook,15.6,4,Windows 10,2.1,722.0,1920,1080,Intel,1.6,500000,HDD,Intel
Dell,Notebook,15.6,4,Windows 10,2.18,657.0,1920,1080,Intel,2.5,1000000,HDD,Intel
Dell,Notebook,15.6,8,Windows 10,2.24,565.0,1920,1080,Intel,2.5,1000000,HDD,AMD
Dell,2in1_Convertible,15.6,8,Windows 10,2.67,799.0,1920,1080,Intel,1.6,256000,SSD,Intel
Asus,2in1_Convertible,13.3,8,Windows 10,1.1,1499.0,1920,1080,Intel,1.8,512000,SSD,Intel
Lenovo,Notebook,15.6,4,No OS,2.2,467.0,1920,1080,Intel,2.5,1000000,HDD,Intel
HP,Notebook,17.3,8,Windows 10,2.5,1018.0,1920,1080,Intel,1.8,1000000,HDD,Nvidia
Lenovo,Notebook,15.6,8,Windows 10,2.05,880.0,1920,1080,Intel,1.8,256000,SSD,Intel
Asus,Gaming,17.3,16,Windows 10,3.2,1549.0,1920,1080,AMD,3.0,256000,SSD,AMD
Dell,Notebook,15.6,8,Linux,2.14,735.07,1920,1080,Intel,1.8,256000,SSD,AMD
Lenovo,2in1_Convertible,14.0,16,Windows 10,1.36,2499.0,2560,1440,Intel,2.6,512000,SSD,Intel
Dell,Notebook,15.6,12,Windows 10,2.3,713.07,1366,768,Intel,2.7,1000000,HDD,Intel
Dell,Notebook,17.3,8,Linux,2.8,1099.0,1920,1080,Intel,1.8,128000,SSD,AMD
Acer,Notebook,15.6,8,Windows 10,2.2,745.0,1920,1080,Intel,1.8,1000000,HDD,Nvidia
Lenovo,Notebook,17.3,4,Windows 10,2.8,489.0,1600,900,Intel,2.0,1000000,HDD,Intel
Lenovo,Notebook,17.3,8,No OS,2.8,849.0,1920,1080,Intel,1.8,2000000,HDD,Nvidia
Lenovo,Notebook,17.3,6,Windows 10,2.8,859.0,1600,900,Intel,2.7,128000,SSD,Nvidia
Dell,Notebook,15.6,4,Linux,2.25,428.0,1920,1080,Intel,2.0,1000000,HDD,AMD
Lenovo,Gaming,15.6,8,Windows 10,2.5,829.0,1920,1080,Intel,2.5,256000,SSD,Nvidia
Lenovo,Notebook,15.6,6,Windows 10,2.2,579.0,1920,1080,Intel,2.5,256000,SSD,Intel
Acer,Notebook,15.6,8,Windows 10,3.0,951.0,1920,1080,Intel,1.8,256000,SSD,Nvidia
Acer,Notebook,15.6,12,Windows 10,2.15,659.0,1920,1080,Intel,2.7,1000000,HDD,Intel
Lenovo,Notebook,15.6,8,Windows 10,1.95,1097.0,1920,1080,Intel,2.7,256000,SSD,Intel
Asus,Ultrabook,15.6,8,Windows 10,1.7,977.0,1920,1080,Intel,2.5,256000,SSD,Nvidia
Lenovo,Gaming,15.6,16,Windows 10,2.5,1179.0,1920,1080,Intel,2.8,256000,SSD,Nvidia
Lenovo,Notebook,15.6,8,No OS,2.2,659.01,1920,1080,Intel,2.7,1000000,HDD,Nvidia
Acer,Notebook,15.6,2,Chrome OS,2.19,199.0,1366,768,Intel,1.5,16000,SSD,Intel
Asus,Gaming,17.3,8,Windows 10,3.0,1187.0,1920,1080,Intel,2.8,1000000,HDD,Nvidia
HP,Notebook,17.3,8,Windows 10,2.54,489.0,1600,900,Intel,2.0,1000000,HDD,Intel
Dell,Notebook,15.6,8,Windows 10,2.0,1829.0,1920,1080,Intel,2.8,256000,SSD,Nvidia
Lenovo,Notebook,15.6,8,Windows 10,2.05,739.0,1920,1080,Intel,1.6,256000,SSD,Intel
Lenovo,Gaming,15.6,8,Windows 10,3.2,1299.0,1920,1080,Intel,2.8,1000000,HDD,Nvidia
Acer,Notebook,15.6,8,Linux,2.5,979.0,1920,1080,Intel,2.8,256000,SSD,Nvidia
Dell,Workstation,17.3,16,Windows 10,3.42,2884.86,1920,1080,Intel,2.9,256000,SSD,Nvidia
Lenovo,Notebook,15.6,6,Windows 10,2.4,499.0,1920,1080,AMD,2.4,1000000,HDD,AMD
Asus,Ultrabook,15.6,16,Windows 10,1.63,1468.0,1920,1080,Intel,2.7,512000,SSD,Nvidia
Asus,Notebook,14.0,4,Windows 10,1.3,509.0,1366,768,Intel,2.4,128000,SSD,Intel
Asus,Gaming,17.3,16,Windows 10,2.9,2122.0,1920,1080,Intel,2.8,256000,SSD,Nvidia
Lenovo,Notebook,17.3,6,Windows 10,2.8,649.0,1600,900,Intel,2.5,1000000,HDD,Nvidia
Lenovo,Notebook,15.6,8,No OS,2.2,549.0,1366,768,Intel,2.5,2000000,HDD,Nvidia
Asus,Gaming,15.6,8,Windows 10,2.5,1265.0,1920,1080,Intel,2.8,128000,SSD,Nvidia
Lenovo,Notebook,15.6,4,No OS,2.2,359.99,1366,768,Intel,1.1,1000000,HDD,Intel
HP,2in1_Convertible,13.3,16,Windows 10,1.28,1975.0,1920,1080,Intel,2.8,256000,SSD,Intel
Lenovo,Notebook,15.6,8,Windows 10,2.3,819.0,1920,1080,Intel,2.5,128000,SSD,Nvidia
HP,Notebook,15.6,4,Windows 10,1.86,469.0,1920,1080,Intel,2.0,1000000,HDD,Intel
Lenovo,Notebook,13.3,8,Windows 10,1.1,999.0,1920,1080,Intel,2.5,256000,SSD,Intel
Dell,Ultrabook,13.3,16,Windows 10,1.21,2499.0,3840,2160,Intel,1.8,1000000,SSD,Intel
Acer,Notebook,15.6,8,Windows 10,2.23,469.0,1920,1080,AMD,2.2,256000,SSD,AMD
Asus,2in1_Convertible,11.6,2,Windows 10,1.1,275.0,1366,768,Intel,1.1,32000,Flash,Intel
Dell,Notebook,15.6,8,Windows 10,2.33,844.0,1920,1080,Intel,1.6,128000,SSD,AMD
HP,2in1_Convertible,13.3,16,Windows 10,1.29,2449.0,3840,2160,Intel,1.8,1000000,SSD,Intel
Lenovo,Notebook,13.3,4,Chrome OS,1.45,459.9,1366,768,Intel,1.6,16000,Flash,Intel
HP,Notebook,14.0,8,Windows 10,1.95,980.0,1920,1080,Intel,2.5,256000,SSD,Intel
Acer,Notebook,11.6,4,Windows 10,1.4,485.0,1366,768,Intel,1.6,128000,Flash,Intel
HP,Notebook,14.0,8,Windows 10,1.48,1292.0,1920,1080,Intel,2.7,256000,SSD,Intel
Lenovo,Notebook,17.3,4,Windows 10,2.79,589.0,1600,900,Intel,2.5,1000000,HDD,Nvidia
Asus,Notebook,14.0,8,Windows 10,2.0,1094.0,1920,1080,Intel,2.7,256000,SSD,Intel
HP,Notebook,15.6,8,Windows 10,2.1,902.0,1366,768,Intel,1.8,1000000,HDD,Intel
Acer,Notebook,15.6,8,Windows 10,2.2,659.0,1366,768,AMD,2.7,256000,SSD,AMD
Lenovo,Notebook,14.0,4,Windows 10,1.44,292.0,1366,768,Intel,1.1,32000,Flash,Intel
Acer,Notebook,15.6,6,Windows 10,2.23,549.0,1366,768,Intel,2.5,1000000,HDD,Intel
Asus,Ultrabook,15.6,8,Windows 10,1.7,1049.9,1920,1080,Intel,2.7,256000,SSD,Nvidia
HP,Ultrabook,12.5,8,Windows 10,1.26,1335.0,1920,1080,Intel,2.7,256000,SSD,Intel
Dell,Notebook,15.6,32,Windows 10,2.06,2639.0,3840,2160,Intel,2.8,1000000,SSD,Nvidia
Asus,Notebook,14.0,8,Windows 10,2.0,1334.0,1920,1080,Intel,2.7,256000,SSD,Intel
Lenovo,Notebook,15.6,4,Windows 10,1.85,449.0,1920,1080,Intel,2.0,1000000,HDD,Intel
Asus,Gaming,15.6,8,Windows 10,2.5,999.0,1920,1080,Intel,2.8,256000,SSD,Nvidia
HP,Notebook,14.0,8,Windows 10,1.48,1268.0,1920,1080,Intel,2.6,256000,SSD,Intel
Dell,Ultrabook,15.6,8,Windows 10,1.9,1049.0,1920,1080,Intel,1.6,128000,SSD,Nvidia
HP,Notebook,15.6,8,Windows 10,1.84,1144.0,1920,1080,Intel,2.5,256000,SSD,Intel
Asus,Notebook,15.6,4,Linux,2.0,274.99,1366,768,Intel,1.1,1000000,HDD,Intel
Dell,Notebook,15.6,8,Windows 10,2.0,1142.75,1920,1080,Intel,1.6,256000,SSD,Nvidia
Dell,Notebook,15.6,4,Linux,2.2,274.9,1366,768,Intel,1.6,500000,HDD,Intel
Lenovo,Notebook,15.6,12,Windows 10,2.2,899.0,1920,1080,AMD,3.6,2000000,HDD,AMD
HP,Notebook,15.6,8,Windows 10,2.1,716.0,1920,1080,Intel,2.4,1000000,HDD,Nvidia
Lenovo,2in1_Convertible,13.9,16,Windows 10,1.4,2099.0,3840,2160,Intel,1.8,512000,SSD,Intel
Dell,Ultrabook,13.3,8,Windows 10,1.2,1579.0,1920,1080,Intel,1.8,256000,SSD,Intel
Lenovo,Gaming,15.6,16,Windows 10,2.4,1129.0,1920,1080,Intel,2.8,256000,SSD,Nvidia
HP,Notebook,14.0,2,Windows 10,1.44,279.0,1366,768,Intel,1.6,32000,Flash,Intel
Dell,Ultrabook,15.6,16,Windows 10,1.88,1607.96,1920,1080,Intel,1.9,512000,SSD,Intel
Asus,2in1_Convertible,11.6,4,Windows 10,1.5,375.0,1366,768,Intel,1.1,32000,Flash,Intel
Dell,Ultrabook,15.6,8,Windows 10,1.9,663.0,1920,1080,Intel,1.6,1000000,HDD,AMD
Dell,Notebook,15.6,16,Windows 10,2.06,2027.42,3840,2160,Intel,2.8,512000,SSD,Nvidia
HP,Notebook,15.6,8,Windows 10,1.84,1304.0,1920,1080,Intel,2.7,256000,SSD,Intel
HP,Workstation,15.6,8,Windows 10,2.6,1738.27,1920,1080,Intel,2.8,256000,SSD,Nvidia
Dell,Notebook,15.6,8,Windows 10,2.02,970.9,1920,1080,Intel,1.8,128000,SSD,AMD
Lenovo,Notebook,15.6,4,No OS,2.2,321.99,1366,768,Intel,1.1,1000000,HDD,Intel
Dell,Gaming,15.6,8,Windows 10,2.65,999.0,1920,1080,Intel,2.5,1000000,HDD,Nvidia
Dell,Notebook,15.6,8,Windows 10,2.36,557.37,1366,768,Intel,2.5,2000000,HDD,Intel
Dell,Notebook,14.0,8,Windows 10,1.36,1427.0,1920,1080,Intel,2.6,256000,SSD,Intel
HP,Notebook,15.6,4,Windows 10,1.86,439.0,1366,768,Intel,2.0,500000,HDD,Intel
Asus,Notebook,14.0,8,Windows 10,2.0,945.0,1920,1080,Intel,2.5,256000,SSD,Intel
Lenovo,Notebook,17.3,6,Windows 10,2.8,719.0,1600,900,Intel,2.5,128000,SSD,Nvidia
HP,Notebook,15.6,8,Windows 10,1.86,639.0,1920,1080,Intel,2.5,1000000,HDD,Intel
Lenovo,Notebook,15.6,8,No OS,2.2,499.0,1366,768,Intel,2.0,256000,SSD,Nvidia
HP,Notebook,15.6,8,Windows 10,2.04,389.0,1366,768,Intel,1.6,2000000,HDD,Intel
Dell,Notebook,17.3,8,Windows 10,2.8,1085.0,1920,1080,Intel,1.6,128000,SSD,AMD
Lenovo,Gaming,15.6,8,No OS,2.4,809.0,1920,1080,Intel,2.5,128000,SSD,Nvidia
Dell,Notebook,15.6,8,Windows 10,2.33,899.0,1920,1080,Intel,2.7,256000,SSD,AMD
HP,Ultrabook,14.0,8,Windows 10,1.36,1750.0,1920,1080,Intel,2.7,256000,SSD,Intel
Asus,2in1_Convertible,15.6,12,Windows 10,2.26,1099.0,1920,1080,Intel,2.7,512000,SSD,Nvidia
Acer,Notebook,15.6,4,Windows 10,2.1,426.0,1366,768,AMD,3.0,128000,SSD,AMD
Asus,Gaming,17.3,16,Windows 10,3.25,2199.0,1920,1080,AMD,3.0,256000,SSD,AMD
Lenovo,Notebook,17.3,4,Windows 10,2.6,489.0,1600,900,AMD,2.2,128000,SSD,AMD
Dell,2in1_Convertible,13.3,8,Windows 10,1.62,869.01,1920,1080,Intel,1.8,256000,SSD,Intel
HP,Notebook,15.6,4,Windows 10,1.91,488.99,1920,1080,AMD,3.0,256000,SSD,AMD
Lenovo,Netbook,11.6,4,Windows 10,1.59,553.0,1366,768,Intel,1.1,128000,SSD,Intel
Dell,Notebook,15.6,4,Windows 10,1.8,309.0,1366,768,Intel,1.6,500000,HDD,Intel
Asus,Notebook,14.0,4,Windows 10,1.5,286.0,1366,768,Intel,1.1,32000,Flash,Intel
Acer,Notebook,15.6,8,Linux,2.4,846.0,1920,1080,Intel,2.8,1000000,HDD,Nvidia
HP,Gaming,17.3,8,Windows 10,3.35,1191.0,1920,1080,Intel,2.8,128000,SSD,Nvidia
Lenovo,Notebook,15.6,4,No OS,1.85,403.5,1920,1080,Intel,2.0,128000,SSD,Intel
Asus,Gaming,15.6,8,Windows 10,2.3,1655.0,1920,1080,Intel,2.8,128000,SSD,Nvidia
Lenovo,Notebook,14.0,8,Windows 10,1.5,1099.0,1920,1080,Intel,2.5,256000,SSD,Nvidia
Asus,Ultrabook,13.3,16,Windows 10,1.1,1748.9,1920,1080,Intel,2.7,512000,SSD,Intel
Lenovo,Ultrabook,14.0,8,Windows 10,1.13,2282.0,2560,1440,Intel,2.7,512000,SSD,Intel
Lenovo,Notebook,13.3,4,Windows 10,1.5,549.0,1920,1080,Intel,2.4,128000,SSD,Intel
Dell,Workstation,15.6,8,Windows 10,2.23,1369.0,1920,1080,Intel,2.6,500000,HDD,AMD
Dell,Workstation,15.6,8,Windows 10,2.0,2135.0,1920,1080,Intel,2.7,256000,SSD,Nvidia
Lenovo,2in1_Convertible,14.0,16,Windows 10,1.42,2509.0,2560,1440,Intel,2.7,512000,SSD,Intel
Asus,Gaming,17.3,8,Windows 10,3.0,1039.0,1920,1080,Intel,2.8,1000000,HDD,Nvidia
Asus,Gaming,17.3,16,Windows 10,3.0,1591.0,1920,1080,Intel,2.8,256000,SSD,Nvidia
Acer,Notebook,15.6,12,Windows 10,2.2,693.99,1366,768,Intel,1.6,1000000,HDD,Nvidia
Dell,Notebook,15.6,8,Linux,2.33,778.87,1920,1080,Intel,2.7,256000,SSD,AMD
HP,Ultrabook,15.6,4,Windows 10,1.91,499.0,1920,1080,AMD,3.0,256000,SSD,AMD
Lenovo,Notebook,15.6,8,Windows 10,2.1,1229.56,1920,1080,Intel,1.8,256000,SSD,AMD
Lenovo,Notebook,14.0,8,Windows 10,1.9,938.0,1920,1080,Intel,2.5,256000,SSD,Intel
Dell,Workstation,15.6,8,Windows 10,1.78,2712.0,3840,2160,Intel,2.8,256000,SSD,Nvidia
Lenovo,Ultrabook,14.0,16,Windows 10,1.13,2625.0,2560,1440,Intel,2.7,1000000,SSD,Intel
Lenovo,Notebook,15.6,4,Windows 10,2.2,306.0,1366,768,Intel,1.1,1000000,HDD,Intel
Asus,Gaming,17.3,16,Windows 10,2.9,1529.0,1920,1080,Intel,2.8,256000,SSD,Nvidia
Lenovo,Notebook,15.6,8,Windows 10,2.1,1144.5,1920,1080,Intel,1.6,256000,SSD,AMD
Acer,Notebook,15.6,8,Linux,2.5,879.0,1920,1080,Intel,2.8,256000,SSD,Nvidia
Asus,Ultrabook,14.0,8,Windows 10,1.1,1873.0,1920,1080,Intel,2.7,512000,SSD,Intel
Dell,Ultrabook,14.0,8,Windows 10,1.36,1680.0,1920,1080,Intel,2.8,512000,SSD,Intel
Lenovo,Notebook,15.6,4,Windows 10,2.2,409.0,1920,1080,Intel,2.0,500000,HDD,Intel
Lenovo,Notebook,11.6,2,Windows 10,1.15,304.45,1366,768,Intel,1.1,32000,Flash,Intel
Lenovo,Workstation,15.6,8,Windows 10,2.67,1925.0,1920,1080,Intel,2.8,512000,SSD,Nvidia
Lenovo,Ultrabook,14.0,8,Windows 10,1.7,1943.0,2560,1440,Intel,2.8,512000,SSD,Nvidia
HP,Notebook,15.6,4,Windows 10,2.1,469.0,1920,1080,Intel,2.0,1000000,HDD,AMD
Acer,2in1_Convertible,13.3,8,Windows 10,1.6,789.01,1920,1080,Intel,2.5,256000,SSD,Intel
Asus,2in1_Convertible,13.3,8,Windows 10,1.27,928.0,1920,1080,Intel,2.5,256000,SSD,Intel
Dell,Notebook,15.6,4,Linux,2.3,598.9,1920,1080,Intel,2.5,256000,SSD,AMD
Dell,Notebook,13.3,4,Windows 10,1.65,689.0,1366,768,Intel,2.0,128000,SSD,Intel
HP,Ultrabook,14.0,8,Windows 10,1.43,1500.0,1920,1080,Intel,2.5,256000,SSD,Intel
Dell,Notebook,15.6,8,Windows 10,2.14,539.95,1366,768,Intel,2.5,1000000,HDD,Intel
Lenovo,Ultrabook,14.0,8,Windows 10,1.75,1215.38,1920,1080,Intel,1.8,256000,SSD,AMD
Lenovo,2in1_Convertible,15.6,16,Windows 10,2.0,1899.0,3840,2160,Intel,2.8,512000,SSD,Nvidia
HP,Notebook,15.6,8,Windows 10,2.31,1427.0,1920,1080,Intel,2.9,256000,SSD,Intel
Asus,Notebook,15.6,8,Linux,2.3,597.0,1920,1080,Intel,2.4,1000000,HDD,Nvidia
Dell,Gaming,17.3,16,Windows 10,4.42,2799.0,2560,1440,Intel,2.9,256000,SSD,Nvidia
Dell,Gaming,15.6,8,Windows 10,2.62,1159.0,1920,1080,Intel,2.8,128000,SSD,Nvidia
Dell,Notebook,15.6,8,Windows 10,2.02,1142.4,1920,1080,Intel,1.8,256000,SSD,AMD
Dell,Ultrabook,14.0,8,Linux,1.6,1099.0,1920,1080,Intel,2.8,256000,SSD,Intel
HP,Gaming,17.3,12,Windows 10,3.35,1999.0,1920,1080,Intel,2.8,256000,SSD,Nvidia
Lenovo,Notebook,13.3,8,Windows 10,1.4,1010.0,1920,1080,Intel,2.7,256000,SSD,Intel
Lenovo,Notebook,14.0,4,Windows 10,1.7,599.0,1920,1080,Intel,2.7,128000,SSD,Intel
Lenovo,Workstation,15.6,16,Windows 10,2.3,2445.0,3840,2160,Intel,2.8,512000,SSD,Nvidia
Lenovo,Notebook,15.6,16,Windows 10,2.5,2449.0,1920,1080,Intel,2.9,512000,SSD,Nvidia
Asus,Gaming,17.3,8,Windows 10,3.2,1695.0,1920,1080,AMD,3.2,256000,SSD,AMD
HP,Notebook,15.6,4,Windows 10,2.1,347.0,1366,768,Intel,1.6,500000,HDD,Intel
Lenovo,Ultrabook,14.0,24,Windows 10,1.32,2382.0,2560,1440,Intel,2.7,512000,SSD,Intel
Asus,Notebook,15.6,4,Linux,2.0,559.0,1920,1080,Intel,2.5,256000,SSD,Intel
Lenovo,Notebook,17.3,8,Windows 10,2.8,519.0,1600,900,AMD,2.5,1000000,HDD,AMD
Dell,Notebook,15.6,4,Windows 10,2.2,749.0,1920,1080,Intel,1.6,256000,SSD,AMD
Lenovo,Ultrabook,12.5,8,Windows 10,1.36,1429.0,1920,1080,Intel,2.5,256000,SSD,Intel
Lenovo,Notebook,15.6,4,Windows 10,2.2,349.0,1920,1080,Intel,1.1,128000,SSD,Intel
HP,Gaming,15.6,8,Windows 10,2.2,1099.0,1920,1080,Intel,2.8,128000,SSD,Nvidia
Dell,Notebook,14.0,8,Windows 10,1.64,1179.0,1920,1080,Intel,2.8,256000,SSD,Nvidia
Acer,Notebook,15.6,4,Linux,2.4,441.8,1366,768,Intel,2.5,500000,HDD,Intel
Dell,Workstation,15.6,8,Windows 10,2.23,1993.0,1920,1080,Intel,3.0,64000,Flash,Nvidia
HP,Notebook,15.6,8,Windows 10,1.91,589.0,1366,768,Intel,2.5,128000,SSD,Intel
Dell,Workstation,15.6,16,Windows 10,2.17,1975.0,1920,1080,Intel,2.7,256000,SSD,Nvidia
HP,Workstation,15.6,8,Windows 10,2.31,1534.0,1920,1080,Intel,2.9,512000,SSD,Intel
Lenovo,Notebook,14.0,8,Windows 10,1.65,1345.0,1920,1080,Intel,2.5,256000,SSD,Intel
Dell,Notebook,15.6,8,Windows 10,2.36,979.0,1920,1080,Intel,1.8,128000,SSD,AMD
Dell,2in1_Convertible,11.6,4,Windows 10,1.47,479.0,1366,768,Intel,1.6,500000,HDD,Intel
Dell,Notebook,17.3,8,Windows 10,4.42,2046.0,1920,1080,Intel,2.7,1000000,HDD,Nvidia
HP,Notebook,17.3,8,Windows 10,2.5,639.9,1600,900,Intel,2.0,256000,SSD,Intel
Acer,Notebook,15.6,4,Windows 10,2.23,544.0,1920,1080,Intel,2.0,1000000,HDD,Nvidia
Acer,Netbook,11.6,4,Windows 10,1.4,435.0,1366,768,Intel,1.6,128000,SSD,Intel
Asus,Notebook,15.6,8,Windows 10,2.37,749.0,1920,1080,Intel,2.5,1000000,HDD,Intel
Lenovo,Notebook,14.0,8,No OS,1.5,799.0,1920,1080,Intel,2.7,512000,SSD,AMD
Lenovo,Notebook,15.6,8,Windows 10,2.67,2090.0,1920,1080,Intel,2.9,256000,SSD,Nvidia
Asus,Notebook,15.6,4,Windows 10,2.0,304.0,1366,768,Intel,1.1,500000,HDD,Intel
Acer,Notebook,15.6,4,Windows 10,2.2,469.0,1366,768,Intel,2.0,500000,HDD,Nvidia
Dell,Notebook,15.6,8,Windows 10,2.02,759.0,1920,1080,Intel,1.6,2000000,HDD,AMD
HP,Gaming,17.3,12,Windows 10,3.78,1699.0,1920,1080,Intel,2.8,1000000,HDD,Nvidia
Lenovo,Ultrabook,14.0,12,Windows 10,1.4,1858.0,2560,1440,Intel,2.6,256000,SSD,Intel
HP,2in1_Convertible,13.3,8,Windows 10,1.29,1999.0,3840,2160,Intel,1.8,512000,SSD,Intel
HP,Notebook,15.6,8,Windows 10,1.9,1154.0,1920,1080,Intel,2.5,500000,HDD,AMD
Dell,Ultrabook,13.3,8,Windows 10,1.42,1841.85,1920,1080,Intel,1.6,256000,SSD,Intel
Asus,Notebook,15.6,12,Windows 10,2.06,1299.0,3840,2160,Intel,2.6,128000,SSD,Intel
Dell,Notebook,14.0,8,Windows 10,1.79,740.0,1366,768,Intel,2.3,128000,SSD,Intel
Dell,Workstation,15.6,8,Windows 10,1.78,2408.0,1920,1080,Intel,2.8,256000,SSD,Nvidia
Lenovo,Notebook,14.0,8,Windows 10,1.7,1364.0,1920,1080,Intel,2.5,180000,SSD,Intel
Dell,Notebook,15.6,8,Windows 10,2.2,675.0,1920,1080,Intel,1.6,1000000,HDD,AMD
Dell,Notebook,15.6,8,Windows 10,2.16,1262.0,1920,1080,Intel,1.8,512000,SSD,Nvidia
Dell,Notebook,15.6,4,Windows 10,2.18,586.6,1366,768,Intel,2.4,1000000,HDD,Intel
HP,Notebook,13.3,4,Windows 10,1.49,726.0,1920,1080,Intel,1.6,128000,SSD,Intel
Lenovo,Notebook,15.6,4,Windows 10,2.3,565.0,1366,768,Intel,2.0,128000,SSD,Intel
Lenovo,Notebook,14.0,8,Windows 10,1.75,1049.0,1920,1080,Intel,1.6,256000,SSD,Intel
Dell,Workstation,15.6,16,Windows 10,2.17,2338.0,1920,1080,Intel,2.7,512000,SSD,Nvidia
Dell,Notebook,15.6,16,Windows 10,2.06,1899.0,1920,1080,Intel,2.8,512000,SSD,Nvidia
Lenovo,Ultrabook,12.5,16,Windows 10,1.36,1798.0,1920,1080,Intel,2.7,512000,SSD,Intel
Asus,Ultrabook,12.5,16,Windows 10,0.91,1950.0,1920,1080,Intel,2.7,512000,SSD,Intel
Lenovo,Notebook,15.6,8,Windows 10,2.3,1011.99,1920,1080,Intel,2.5,256000,SSD,Nvidia
Asus,Gaming,15.6,8,Windows 10,1.99,1350.0,1920,1080,Intel,2.8,128000,SSD,Nvidia
Acer,Notebook,15.6,8,Windows 10,2.2,579.0,1366,768,AMD,2.5,1000000,HDD,AMD
Asus,Gaming,17.3,24,Windows 10,4.33,1269.0,1920,1080,Intel,2.6,256000,SSD,Nvidia
Lenovo,Ultrabook,12.5,8,Windows 10,1.3,1099.0,1366,768,Intel,2.3,180000,SSD,Intel
Lenovo,Notebook,15.6,8,Windows 10,2.17,898.9,1920,1080,Intel,1.8,256000,SSD,Intel
HP,Notebook,14.0,8,Windows 10,1.48,1749.0,1920,1080,Intel,2.8,1000000,SSD,Intel
Lenovo,Notebook,13.3,8,Windows 10,1.4,949.0,1920,1080,Intel,2.4,256000,SSD,Intel
Lenovo,Notebook,15.6,8,Windows 10,2.3,911.0,1920,1080,Intel,2.5,256000,SSD,Intel
Asus,Netbook,11.6,4,Windows 10 S,1.2,340.0,1366,768,Intel,1.1,64000,Flash,Intel
HP,Notebook,15.6,8,Windows 10,1.91,618.99,1366,768,Intel,2.5,256000,SSD,AMD
Lenovo,2in1_Convertible,13.9,8,Windows 10,1.4,1599.0,1920,1080,Intel,1.6,256000,SSD,Intel
Lenovo,Notebook,14.0,4,Windows 10,2.1,299.0,1366,768,Intel,1.1,500000,HDD,Intel
Lenovo,Netbook,11.6,4,Chrome OS,1.25,265.0,1366,768,Intel,1.6,16000,SSD,Intel
Lenovo,Notebook,13.3,8,Windows 10,1.44,949.0,1920,1080,Intel,2.5,256000,SSD,Intel
Asus,Notebook,15.6,8,Windows 10,2.0,1224.0,1920,1080,Intel,2.7,256000,SSD,Intel
Acer,Notebook,15.6,4,Windows 10,2.2,613.0,1920,1080,Intel,1.6,1000000,HDD,Nvidia
HP,Ultrabook,13.3,8,Windows 10,1.34,1323.0,1920,1080,Intel,2.7,512000,SSD,Intel
Lenovo,Gaming,15.6,8,No OS,2.4,1149.0,1920,1080,Intel,2.8,256000,SSD,Nvidia
Dell,Ultrabook,13.3,8,Windows 10,1.29,899.0,1920,1080,Intel,2.5,128000,SSD,Intel
Acer,Notebook,15.6,4,Windows 10,2.2,639.0,1920,1080,Intel,2.7,500000,HDD,Nvidia
Dell,Notebook,15.6,8,Windows 10,2.18,836.0,1920,1080,Intel,2.5,1000000,HDD,Intel
Dell,Notebook,15.6,16,Windows 10,2.2,1219.24,1920,1080,Intel,1.8,256000,SSD,AMD
Asus,Netbook,11.6,2,Windows 10,1.1,245.0,1366,768,Intel,1.1,32000,Flash,Intel
HP,Notebook,15.6,4,Windows 10,2.04,521.47,1366,768,Intel,1.6,1000000,HDD,Intel
Asus,Gaming,15.6,24,Windows 10,2.24,2968.0,1920,1080,Intel,2.8,512000,SSD,Nvidia
HP,Notebook,15.6,8,Windows 10,2.04,889.0,1920,1080,Intel,2.5,256000,SSD,Nvidia
Asus,Gaming,17.3,16,Windows 10,3.0,1504.0,1920,1080,Intel,2.8,256000,SSD,Nvidia
Lenovo,Gaming,15.6,8,Windows 10,3.2,1399.0,1920,1080,Intel,2.8,256000,SSD,Nvidia
HP,Ultrabook,13.3,8,Windows 10,1.32,1399.0,1920,1080,Intel,2.7,256000,SSD,Intel
Dell,Notebook,14.0,8,Windows 10,1.64,1279.73,1920,1080,Intel,2.6,256000,SSD,Intel
HP,Notebook,15.6,4,Windows 10,1.63,689.0,1366,768,Intel,2.0,128000,SSD,Intel
Dell,Notebook,17.3,8,Linux,2.8,889.0,1920,1080,Intel,1.6,128000,SSD,AMD
Lenovo,Notebook,14.0,8,Windows 7,2.02,1340.0,1920,1080,Intel,2.3,256000,SSD,Intel
Lenovo,Notebook,15.6,4,Windows 10,2.2,799.0,1920,1080,Intel,2.7,1000000,HDD,Nvidia
Lenovo,Notebook,15.6,8,No OS,2.2,459.0,1366,768,Intel,2.0,2000000,HDD,Nvidia
Dell,Notebook,15.6,4,Windows 10,2.3,585.0,1920,1080,Intel,2.5,500000,HDD,AMD
Dell,Notebook,15.6,8,Windows 10,1.9,1377.0,1920,1080,Intel,2.8,256000,SSD,Intel
Dell,Gaming,17.3,16,Windows 10,4.42,3012.77,1920,1080,Intel,2.8,128000,SSD,Nvidia
Asus,Notebook,15.6,8,Windows 10,2.0,1299.0,3840,2160,Intel,2.7,256000,SSD,Nvidia
Asus,Gaming,15.6,8,Windows 10,2.3,1649.0,1920,1080,Intel,2.5,128000,SSD,Nvidia
Dell,Notebook,15.6,8,Windows 10,1.93,1369.0,1920,1080,Intel,2.8,256000,SSD,Nvidia
Dell,Notebook,15.6,8,Windows 10,2.2,797.41,1920,1080,Intel,1.6,256000,SSD,AMD
HP,Notebook,15.6,4,Windows 10,1.86,398.99,1920,1080,Intel,1.6,256000,SSD,Intel
HP,Gaming,17.3,12,Windows 10,2.62,1799.0,1920,1080,Intel,2.8,1000000,HDD,Nvidia
Lenovo,Notebook,14.0,8,Windows 10,1.87,859.0,1920,1080,Intel,2.7,256000,SSD,Nvidia
Dell,Ultrabook,13.3,8,Windows 10,1.2,1399.0,3200,1800,Intel,1.8,256000,SSD,Intel
Dell,Notebook,14.0,4,Windows 10,1.6,735.87,1920,1080,Intel,2.0,128000,SSD,Intel
HP,Ultrabook,13.3,8,Windows 10,1.34,1145.0,3200,1800,Intel,2.7,256000,SSD,Intel
Acer,Gaming,15.6,8,Linux,2.4,798.0,1920,1080,Intel,2.5,1000000,HDD,Nvidia
Asus,Notebook,15.6,4,Windows 10,2.0,349.0,1366,768,AMD,1.8,500000,HDD,AMD
HP,Notebook,15.6,4,Windows 10,2.1,705.5,1920,1080,Intel,2.4,128000,SSD,Intel
Lenovo,Notebook,14.0,4,Windows 10,1.87,785.0,1920,1080,Intel,2.5,500000,HDD,Intel
Lenovo,Notebook,15.6,4,No OS,2.15,462.35,1920,1080,Intel,2.3,1000000,HDD,Intel
HP,Notebook,15.6,4,Windows 10,1.86,397.0,1920,1080,Intel,2.0,500000,HDD,Intel
Lenovo,Notebook,15.6,8,Windows 10,1.99,1729.0,1920,1080,Intel,2.7,512000,SSD,Intel
Lenovo,Notebook,15.6,4,Windows 10,2.2,499.0,1920,1080,Intel,2.0,128000,SSD,Intel
Dell,Notebook,15.6,8,Windows 10,1.9,1116.99,1920,1080,Intel,2.5,256000,SSD,Intel
Dell,Gaming,17.3,16,Windows 10,4.42,2699.0,1920,1080,Intel,2.8,256000,SSD,Nvidia
HP,Notebook,17.3,8,Windows 10,2.65,544.15,1600,900,Intel,2.0,1000000,HDD,Intel
HP,Notebook,17.3,8,Windows 10,2.63,1280.0,1920,1080,Intel,2.7,1000000,HDD,Nvidia
Asus,Notebook,15.6,4,Linux,2.0,224.0,1366,768,Intel,1.1,500000,HDD,Intel
Lenovo,Notebook,17.3,6,Windows 10,2.8,949.0,1600,900,Intel,2.7,128000,SSD,Nvidia
HP,Notebook,15.6,6,Windows 10,1.91,568.9,1920,1080,AMD,2.5,128000,SSD,AMD
Dell,Notebook,15.6,4,Windows 10,2.18,617.9,1366,768,Intel,2.0,1000000,HDD,AMD
Acer,2in1_Convertible,11.6,4,Windows 10,1.25,349.0,1920,1080,Intel,2.0,32000,Flash,Intel
Lenovo,Notebook,15.6,4,Windows 10,2.05,630.0,1920,1080,Intel,2.7,128000,SSD,Intel
HP,Ultrabook,13.3,16,Windows 10,1.16,1965.0,3200,1800,Intel,1.2,512000,SSD,Intel
Lenovo,Notebook,17.3,8,Windows 10,3.4,2999.0,1920,1080,Intel,2.8,256000,SSD,Nvidia
Asus,Notebook,15.6,8,Windows 10,2.5,839.0,1920,1080,Intel,2.5,128000,SSD,Nvidia
Dell,Ultrabook,13.3,8,Windows 10,1.21,1599.0,3840,2160,Intel,1.6,128000,SSD,Intel
Dell,Notebook,15.6,4,Windows 10,1.93,959.0,1366,768,Intel,2.6,500000,HDD,Intel
Lenovo,Notebook,15.6,4,Windows 10,2.2,344.0,1920,1080,Intel,1.1,500000,HDD,Intel
Lenovo,Notebook,14.0,4,Windows 10,2.02,990.0,1366,768,Intel,2.5,500000,HDD,Intel
HP,Workstation,17.3,8,Windows 10,3.14,1860.99,1600,900,Intel,2.8,500000,HDD,Nvidia
HP,Notebook,14.0,8,Windows 10,1.94,389.0,1366,768,Intel,1.6,2000000,HDD,Intel
HP,Notebook,15.6,6,Windows 10,1.95,649.0,1920,1080,AMD,3.0,256000,SSD,AMD
Lenovo,Notebook,15.6,8,Windows 10,2.3,830.0,1920,1080,Intel,2.5,256000,SSD,Intel
Lenovo,Notebook,15.6,4,Windows 10,2.05,685.0,1920,1080,Intel,1.6,500000,HDD,Intel
Lenovo,Gaming,17.3,32,Windows 10,4.6,2663.0,1920,1080,Intel,2.7,256000,SSD,Nvidia
Dell,Notebook,15.6,8,Linux,2.2,749.01,1920,1080,Intel,2.7,256000,SSD,AMD
Dell,Notebook,15.6,8,Windows 10,1.9,1008.52,1366,768,Intel,2.6,500000,HDD,Intel
HP,Notebook,13.3,4,Windows 10,1.49,719.0,1920,1080,Intel,2.4,128000,SSD,Intel
Dell,Notebook,15.6,16,Windows 10,1.93,1537.39,1920,1080,Intel,2.8,256000,SSD,Nvidia
Dell,Netbook,11.6,4,Chrome OS,1.26,295.0,1366,768,Intel,1.6,16000,Flash,Intel
HP,Gaming,17.3,16,Windows 10,3.78,1498.0,1920,1080,Intel,2.8,256000,SSD,Nvidia
Lenovo,Ultrabook,14.0,12,Windows 10,1.4,1673.0,1920,1080,Intel,2.6,256000,SSD,Intel
Lenovo,Notebook,15.6,12,Windows 10,2.2,609.0,1366,768,Intel,1.8,1000000,HDD,Intel
Asus,Gaming,17.3,8,Windows 10,2.73,1770.0,1920,1080,Intel,2.5,128000,SSD,Nvidia
Asus,2in1_Convertible,15.6,8,Windows 10,2.2,739.0,1366,768,Intel,2.5,1000000,HDD,Intel
Lenovo,Notebook,15.6,12,Windows 10,2.2,949.0,1920,1080,AMD,3.6,512000,SSD,AMD
Dell,2in1_Convertible,11.6,4,Windows 10,1.39,603.0,1366,768,Intel,1.0,128000,SSD,Intel
Lenovo,Notebook,17.3,4,No OS,2.8,529.0,1920,1080,Intel,2.0,500000,HDD,Intel
Lenovo,Notebook,15.6,8,Windows 10,2.29,459.0,1366,768,Intel,2.3,1000000,HDD,Intel
Lenovo,2in1_Convertible,13.3,8,Windows 10,1.37,2025.0,1920,1080,Intel,2.7,512000,SSD,Intel
Lenovo,Notebook,14.0,8,Windows 10,1.7,1474.0,1920,1080,Intel,2.5,256000,SSD,Intel
Dell,2in1_Convertible,12.5,8,Windows 10,1.34,1670.0,1920,1080,Intel,2.5,256000,SSD,Intel
Dell,Workstation,15.6,8,Windows 10,2.06,1763.0,1920,1080,Intel,2.8,256000,SSD,Nvidia
HP,Notebook,15.6,8,Windows 10,1.84,1219.0,1920,1080,Intel,2.7,256000,SSD,Intel
HP,Notebook,15.6,4,Windows 10,2.1,668.48,1366,768,Intel,2.4,500000,HDD,Intel
Acer,Notebook,14.0,4,Windows 10,1.6,329.0,1920,1080,Intel,1.1,32000,Flash,Intel
Dell,Notebook,15.6,4,Linux,2.18,465.0,1366,768,Intel,2.0,1000000,HDD,AMD
Lenovo,Notebook,15.6,6,Windows 10,2.4,564.0,1920,1080,Intel,2.5,1000000,HDD,Intel
Lenovo,2in1_Convertible,15.6,8,Windows 10,2.0,1299.0,1920,1080,Intel,2.8,256000,SSD,Intel
Acer,Notebook,14.0,4,Windows 10,1.6,349.0,1366,768,Intel,1.6,128000,Flash,Intel
Lenovo,Notebook,15.6,32,Windows 10,2.5,4899.0,3840,2160,Intel,3.1,1000000,SSD,Nvidia
Dell,Gaming,15.6,16,Windows 10,2.59,879.01,1920,1080,Intel,2.6,1000000,HDD,Nvidia
Dell,Notebook,15.6,4,Linux,2.18,443.9,1366,768,Intel,2.0,1000000,HDD,Intel
Dell,Notebook,15.6,4,Linux,2.25,359.0,1366,768,Intel,2.0,1000000,HDD,Intel
Dell,Notebook,15.6,4,Linux,1.93,869.0,1366,768,Intel,2.6,500000,HDD,Intel
Asus,Gaming,17.3,8,Windows 10,3.0,1168.0,1920,1080,Intel,2.8,128000,SSD,Nvidia
Dell,Notebook,15.6,4,Linux,2.18,569.0,1920,1080,Intel,2.5,128000,SSD,AMD
HP,Ultrabook,15.6,8,Windows 10,1.84,1389.0,1920,1080,Intel,2.7,512000,SSD,Intel
Acer,2in1_Convertible,11.6,4,Chrome OS,1.25,379.0,1366,768,Intel,1.6,32000,Flash,Intel
HP,Notebook,14.0,8,Windows 10,2.31,1124.0,1366,768,Intel,2.6,256000,SSD,Intel
Lenovo,Notebook,14.0,8,Windows 7,1.65,1465.0,1920,1080,Intel,2.3,256000,SSD,Intel
Dell,Notebook,15.6,4,Windows 10,2.2,776.0,1920,1080,Intel,1.6,1000000,HDD,AMD
HP,Notebook,15.6,4,Windows 7,1.88,932.0,1366,768,Intel,2.3,500000,HDD,Intel
Lenovo,Notebook,15.6,8,Windows 10,2.2,899.0,1920,1080,Intel,2.7,1000000,HDD,Nvidia
Lenovo,Notebook,15.6,4,No OS,2.2,468.0,1920,1080,Intel,2.5,128000,SSD,Intel
Asus,2in1_Convertible,13.3,6,Windows 10,1.5,639.01,1920,1080,Intel,2.5,1000000,HDD,Intel
Dell,Notebook,15.6,8,Windows 10,2.0,1820.0,1920,1080,Intel,2.8,256000,SSD,Nvidia
Asus,Ultrabook,14.0,16,Windows 10,1.1,1900.0,1920,1080,Intel,2.7,512000,SSD,Intel
Dell,Gaming,15.6,16,Windows 10,2.62,1479.0,1920,1080,Intel,2.8,256000,SSD,Nvidia
Lenovo,Notebook,15.6,4,Windows 10,1.8,829.0,1920,1080,Intel,1.6,256000,SSD,Intel
Lenovo,Notebook,15.6,4,Windows 10,2.2,579.0,1920,1080,Intel,2.0,1000000,HDD,Nvidia
Asus,Notebook,15.6,8,Windows 10,2.0,399.0,1366,768,Intel,1.1,1000000,HDD,Intel
Asus,Notebook,15.6,8,Windows 10,1.99,906.62,1920,1080,Intel,2.5,1000000,HDD,Nvidia
Dell,Ultrabook,13.3,8,Windows 10,1.23,1869.0,3200,1800,Intel,1.6,256000,SSD,Intel
Lenovo,Notebook,14.0,2,Windows 10,1.42,249.0,1366,768,Intel,1.6,32000,Flash,Intel
Lenovo,2in1_Convertible,13.3,8,Windows 10,1.37,1757.42,1920,1080,Intel,2.7,256000,SSD,Intel
Dell,Notebook,15.6,16,Windows 10,2.06,2399.0,3840,2160,Intel,2.8,1000000,SSD,Nvidia
Lenovo,Gaming,15.6,8,Windows 10,2.5,1109.0,1920,1080,Intel,2.8,128000,SSD,Nvidia
HP,Notebook,17.0,8,Windows 10,2.6,520.9,1600,900,AMD,3.0,1000000,HDD,AMD
Lenovo,Ultrabook,14.0,16,Windows 10,1.14,2450.0,1920,1080,Intel,2.7,512000,SSD,Intel
Asus,Gaming,15.6,8,No OS,2.5,1169.0,1920,1080,Intel,2.8,1000000,HDD,Nvidia
Acer,Notebook,15.6,4,Windows 10,2.4,450.0,1366,768,Intel,2.0,500000,HDD,Intel
Lenovo,Notebook,14.0,4,Windows 10,1.43,274.0,1366,768,Intel,1.6,32000,Flash,Intel
Acer,Ultrabook,14.0,8,Windows 10,1.8,919.0,1920,1080,Intel,2.5,256000,SSD,Intel
Lenovo,Ultrabook,12.5,8,Windows 10,1.36,1584.0,1920,1080,Intel,2.7,256000,SSD,Intel
Asus,Gaming,17.3,32,Windows 10,3.8,2799.0,1920,1080,Intel,2.7,512000,SSD,Nvidia
Acer,Gaming,15.6,8,Linux,2.4,709.0,1920,1080,Intel,2.5,1000000,HDD,Nvidia
Dell,Ultrabook,13.3,8,Windows 10,1.2,1449.9,1920,1080,Intel,1.6,256000,SSD,Intel
HP,Notebook,15.6,4,No OS,1.86,364.9,1366,768,Intel,2.0,500000,HDD,Intel
Dell,Notebook,15.6,8,Windows 10,2.2,919.0,1920,1080,Intel,1.8,256000,SSD,AMD
Dell,Notebook,15.6,16,Windows 10,2.2,1135.0,1920,1080,Intel,1.8,256000,SSD,AMD
Lenovo,Gaming,15.6,8,Windows 10,3.31,1196.0,1920,1080,Intel,2.6,128000,SSD,Nvidia
Dell,Gaming,17.3,32,Windows 10,4.42,3147.37,3840,2160,Intel,2.8,512000,SSD,Nvidia
Dell,Notebook,14.0,8,Windows 10,1.56,1229.0,1920,1080,Intel,2.4,256000,SSD,Intel
Lenovo,Notebook,15.6,4,Windows 10,2.2,419.0,1366,768,Intel,1.1,500000,HDD,Intel
Lenovo,Notebook,15.6,4,Windows 10,2.2,535.0,1920,1080,Intel,2.3,500000,HDD,Intel
HP,Notebook,15.6,6,Windows 10,2.04,539.0,1920,1080,Intel,2.0,1000000,HDD,AMD
Dell,Notebook,15.6,8,Windows 10,2.06,955.0,1920,1080,Intel,2.5,1000000,HDD,Intel
HP,Notebook,15.6,8,Windows 10,2.1,745.0,1920,1080,Intel,2.7,1000000,HDD,AMD
Acer,Notebook,15.6,4,Linux,2.1,412.0,1366,768,Intel,2.0,128000,SSD,Intel
Lenovo,Notebook,15.6,8,Windows 10,1.9,817.95,1920,1080,Intel,2.5,128000,SSD,AMD
Lenovo,2in1_Convertible,13.3,8,Windows 10,1.3,1034.0,1920,1080,Intel,2.5,256000,SSD,Intel
Lenovo,Notebook,15.6,4,Windows 10,2.2,349.0,1366,768,AMD,2.2,128000,SSD,AMD
HP,2in1_Convertible,14.0,4,Windows 10,1.63,699.0,1920,1080,Intel,2.4,128000,SSD,Nvidia
Asus,Ultrabook,14.0,8,Windows 10,1.1,1135.0,1920,1080,Intel,2.5,256000,SSD,Intel
HP,2in1_Convertible,11.6,8,Chrome OS,1.4,495.0,1366,768,Intel,1.1,64000,Flash,Intel
Acer,Gaming,15.6,16,Windows 10,2.5,1299.0,1920,1080,Intel,2.5,256000,SSD,Nvidia
Asus,Notebook,15.6,4,Windows 10,1.86,419.0,1366,768,Intel,1.1,128000,SSD,Intel
Dell,Gaming,15.6,16,Windows 10,3.21,2051.0,1920,1080,Intel,2.5,128000,SSD,Nvidia
HP,Notebook,17.3,4,Windows 10,2.5,699.0,1920,1080,Intel,2.0,256000,SSD,AMD
Lenovo,2in1_Convertible,13.3,8,Windows 10,1.19,1499.0,1920,1080,Intel,1.8,512000,SSD,Intel
Dell,Gaming,15.6,16,Windows 10,3.49,2813.75,1920,1080,Intel,2.9,256000,SSD,Nvidia
HP,Notebook,15.6,4,Windows 10,1.86,612.61,1366,768,Intel,2.5,500000,HDD,AMD
Dell,Notebook,15.6,4,Windows 10,2.2,545.67,1366,768,Intel,2.0,1000000,HDD,AMD
HP,Notebook,17.3,6,Windows 10,2.65,569.0,1920,1080,AMD,2.4,2000000,HDD,AMD
Lenovo,Notebook,15.6,4,Windows 10,2.1,318.0,1366,768,Intel,1.6,500000,HDD,Intel
Acer,Notebook,14.0,4,Chrome OS,1.45,375.0,1366,768,Intel,1.6,32000,Flash,Intel
Lenovo,Notebook,14.0,4,Windows 10,1.7,699.0,1920,1080,Intel,2.5,256000,SSD,Intel
HP,Workstation,17.3,8,Windows 10,3.14,1907.99,1920,1080,Intel,2.8,500000,HDD,Nvidia
Lenovo,2in1_Convertible,14.0,8,Windows 10,1.42,2590.0,2560,1440,Intel,2.7,256000,SSD,Intel
Acer,Netbook,11.6,4,Windows 10,1.4,269.0,1366,768,Intel,1.6,32000,Flash,Intel
Lenovo,2in1_Convertible,14.0,16,Windows 10,1.38,1749.0,1920,1080,Intel,2.7,512000,SSD,Intel
Asus,2in1_Convertible,12.5,4,Chrome OS,1.2,669.0,1920,1080,Intel,0.9,64000,Flash,Intel
HP,Notebook,15.6,4,Windows 10,2.1,689.0,1920,1080,Intel,2.7,500000,HDD,AMD
Dell,Gaming,15.6,8,Windows 10,2.56,819.0,1920,1080,Intel,2.5,1000000,HDD,Nvidia
Lenovo,Notebook,15.6,4,Windows 10,2.2,399.0,1920,1080,AMD,2.9,256000,SSD,AMD
Lenovo,Notebook,15.6,8,Windows 10,2.2,429.0,1366,768,AMD,3.6,1000000,HDD,AMD
Lenovo,Notebook,15.6,4,Windows 10,2.1,621.45,1920,1080,Intel,2.5,1000000,HDD,Intel
Lenovo,Notebook,15.6,4,No OS,1.9,450.0,1366,768,Intel,2.0,500000,HDD,Intel
Dell,Notebook,15.6,8,Windows 10,2.18,795.0,1920,1080,Intel,2.5,256000,SSD,Intel
Acer,2in1_Convertible,13.3,8,Windows 10,1.6,999.0,1920,1080,Intel,1.6,256000,SSD,Intel
Lenovo,Workstation,15.6,16,Windows 7,2.18,1855.0,1920,1080,Intel,2.5,512000,SSD,Nvidia
Lenovo,Notebook,14.0,8,Windows 10,1.8,1191.0,1920,1080,Intel,2.3,256000,SSD,Intel
HP,Notebook,17.3,6,Windows 10,2.71,655.01,1920,1080,AMD,2.5,2000000,HDD,AMD
Lenovo,Gaming,15.6,8,Windows 10,2.5,1249.0,1920,1080,Intel,2.8,128000,SSD,Nvidia
Dell,Notebook,14.0,8,Linux,1.64,1089.0,1920,1080,Intel,2.8,256000,SSD,Nvidia
Dell,Notebook,15.6,8,Linux,1.98,726.0,1920,1080,Intel,2.5,1000000,HDD,Intel
Asus,Notebook,14.0,4,Windows 10,1.5,298.0,1920,1080,Intel,1.1,32000,Flash,Intel
Dell,Notebook,15.6,16,Windows 10,1.93,1426.66,1920,1080,Intel,2.6,512000,SSD,Intel
Lenovo,Notebook,14.0,8,Windows 10,1.87,857.07,1920,1080,Intel,2.5,256000,SSD,Nvidia
Dell,Notebook,15.6,8,Windows 10,1.9,1179.0,1920,1080,Intel,2.6,256000,SSD,Intel
Lenovo,Notebook,15.6,4,Windows 10,2.19,298.0,1366,768,AMD,2.0,500000,HDD,AMD
HP,Notebook,17.3,8,Windows 10,2.63,1200.0,1920,1080,Intel,2.7,256000,SSD,Nvidia
Lenovo,Ultrabook,14.0,8,Windows 10,1.17,1686.64,2560,1440,Intel,2.5,512000,SSD,Intel
HP,2in1_Convertible,13.3,8,Windows 10,1.58,836.6,1366,768,Intel,2.5,256000,SSD,Intel
Lenovo,Ultrabook,14.0,8,Windows 10,1.32,1499.0,1920,1080,Intel,2.5,256000,SSD,Intel
Dell,Gaming,17.3,32,Windows 10,4.36,3659.4,3840,2160,Intel,2.8,1000000,SSD,Nvidia
Lenovo,Notebook,15.6,4,No OS,1.9,489.9,1366,768,Intel,2.5,1000000,HDD,Intel
Dell,Notebook,15.6,8,Windows 10,2.2,719.0,1920,1080,Intel,1.6,128000,SSD,AMD
Dell,2in1_Convertible,13.3,4,Windows 10,1.71,649.0,1920,1080,Intel,2.4,1000000,HDD,Intel
Dell,Notebook,15.6,8,Linux,2.32,589.52,1366,768,Intel,2.5,1000000,HDD,AMD
HP,Notebook,15.6,4,Windows 10,2.1,489.0,1920,1080,AMD,3.0,1000000,HDD,AMD
Acer,Gaming,17.3,16,Windows 10,4.2,1935.0,1920,1080,Intel,2.6,128000,SSD,Nvidia
Dell,Notebook,15.6,12,Windows 10,2.25,649.0,1366,768,Intel,2.5,1000000,HDD,Intel
HP,Notebook,15.6,6,Windows 10,2.1,650.0,1920,1080,AMD,3.0,128000,SSD,AMD
Acer,Notebook,15.6,4,Windows 10,2.4,559.0,1366,768,Intel,2.5,500000,HDD,Intel
Lenovo,Notebook,13.3,8,Windows 10,1.44,960.0,1920,1080,Intel,2.5,256000,SSD,Intel
Lenovo,Notebook,15.6,4,Windows 10,1.85,779.0,1920,1080,Intel,2.7,1000000,HDD,Intel
HP,Workstation,15.6,16,Windows 10,2.6,2419.0,1920,1080,Intel,2.8,256000,SSD,Nvidia
Dell,2in1_Convertible,13.3,8,Windows 10,1.55,659.0,1920,1080,Intel,1.6,1000000,HDD,Intel
Acer,Notebook,15.6,4,Windows 10,2.4,410.8,1366,768,Intel,2.0,500000,HDD,Intel
Dell,Notebook,15.6,8,Windows 10,2.0,1207.0,1920,1080,Intel,2.7,128000,SSD,Nvidia
Dell,Notebook,15.6,8,Windows 10,2.0,665.0,1366,768,Intel,2.0,256000,SSD,Intel
Lenovo,2in1_Convertible,14.0,8,Windows 10,1.7,999.0,1920,1080,Intel,2.5,256000,SSD,Intel
Lenovo,Workstation,15.6,16,Windows 10,2.5,3299.0,3840,2160,Intel,2.8,1000000,SSD,Nvidia
Acer,Notebook,14.0,2,Chrome OS,1.68,330.0,1366,768,Intel,1.6,32000,Flash,Intel
HP,Notebook,15.6,8,Windows 10,1.86,539.0,1920,1080,Intel,2.0,256000,SSD,Intel
Dell,Notebook,14.0,8,Windows 10,1.6,1126.71,1366,768,Intel,2.5,256000,SSD,Intel
HP,Workstation,17.3,16,Windows 7,3.0,4389.0,1920,1080,Intel,2.9,256000,SSD,Nvidia
Lenovo,Netbook,11.6,4,Windows 10,1.4,475.0,1366,768,Intel,1.6,128000,SSD,Intel
HP,Notebook,15.6,8,Windows 10,1.84,1900.0,1920,1080,Intel,2.4,256000,SSD,Intel
Asus,Notebook,15.6,4,No OS,2.45,579.0,1366,768,Intel,2.3,1000000,HDD,Nvidia
Lenovo,Ultrabook,14.0,4,Windows 10,1.7,1096.0,1920,1080,Intel,2.3,180000,SSD,Intel
Asus,Notebook,15.6,4,Windows 10,2.37,849.9,1366,768,Intel,2.7,256000,SSD,Intel
Lenovo,2in1_Convertible,13.3,8,Windows 10,1.3,1199.0,3200,1800,Intel,1.8,256000,SSD,Intel
HP,Notebook,15.6,8,Windows 10,2.2,1099.0,1920,1080,Intel,2.5,128000,SSD,Nvidia
HP,Workstation,15.6,8,Windows 7,2.59,1561.0,1920,1080,Intel,2.6,256000,SSD,Nvidia
Dell,Gaming,15.6,16,Windows 10,4.42,2868.99,3840,2160,Intel,2.8,256000,SSD,Nvidia
Acer,Notebook,15.6,4,Windows 10,2.1,599.0,1366,768,Intel,2.5,256000,SSD,Intel
Lenovo,Gaming,15.6,8,Windows 10,2.5,1048.0,1920,1080,Intel,2.8,128000,SSD,Nvidia
Dell,Ultrabook,12.5,16,Windows 10,1.18,1859.0,1920,1080,Intel,2.8,256000,SSD,Intel
Asus,Ultrabook,13.3,8,Windows 10,1.2,1129.0,3200,1800,Intel,2.5,256000,SSD,Intel
Dell,Notebook,13.3,4,Windows 10,1.65,849.0,1366,768,Intel,2.0,500000,HDD,Intel
Acer,Notebook,13.3,4,Windows 10,1.6,655.0,1366,768,Intel,2.3,128000,SSD,Intel
Asus,Notebook,17.3,4,Windows 10,2.8,470.34,1366,768,Intel,1.1,1000000,HDD,Nvidia
Dell,Gaming,15.6,16,Windows 10,2.72,1099.0,3840,2160,Intel,2.6,128000,SSD,Nvidia
Acer,Notebook,15.6,4,Linux,2.1,298.0,1366,768,Intel,1.1,1000000,HDD,Intel
Dell,Notebook,15.6,16,Windows 10,2.3,1181.27,1920,1080,Intel,2.7,256000,SSD,AMD
Dell,Gaming,15.6,8,Windows 10,2.62,1099.0,1920,1080,Intel,2.8,1000000,HDD,Nvidia
HP,Ultrabook,12.5,4,Windows 10,1.26,1244.0,1366,768,Intel,2.3,256000,SSD,Intel
Asus,2in1_Convertible,15.6,12,Windows 10,2.3,839.0,1920,1080,Intel,2.7,2000000,HDD,Nvidia
Lenovo,Notebook,15.6,16,Windows 7,2.5,2370.0,3840,2160,Intel,2.7,512000,SSD,Nvidia
Acer,Notebook,14.0,4,Windows 10,1.8,636.0,1920,1080,Intel,2.4,128000,SSD,Intel
Asus,Notebook,15.6,8,Windows 10,2.0,581.9,1920,1080,Intel,1.1,128000,SSD,Intel
Dell,Gaming,17.3,32,Windows 10,4.42,3588.8,1920,1080,Intel,2.8,1000000,SSD,Nvidia
Asus,Gaming,17.3,16,Windows 10,4.3,2350.0,1920,1080,Intel,2.6,256000,SSD,Nvidia
Lenovo,Notebook,15.6,8,No OS,2.2,329.0,1366,768,Intel,1.6,1000000,HDD,Intel
Lenovo,Ultrabook,14.0,16,Windows 10,1.7,2299.0,1920,1080,Intel,2.7,512000,SSD,Intel
Lenovo,Gaming,15.6,4,Windows 10,2.4,999.0,1920,1080,Intel,2.8,1000000,HDD,Nvidia
Acer,Gaming,17.3,16,Windows 10,4.2,2299.0,1920,1080,Intel,2.8,256000,SSD,Nvidia
Dell,Gaming,15.6,8,Windows 10,2.62,985.0,1920,1080,Intel,2.5,256000,SSD,Nvidia
Asus,Gaming,15.6,8,Windows 10,2.24,1339.0,1920,1080,Intel,2.8,128000,SSD,Nvidia
Lenovo,2in1_Convertible,13.3,8,Windows 10,1.37,1970.0,1920,1080,Intel,2.7,512000,SSD,Intel
Lenovo,2in1_Convertible,15.6,8,Windows 10,2.08,959.0,1920,1080,Intel,2.5,256000,SSD,AMD
Lenovo,2in1_Convertible,14.0,8,Windows 10,1.42,2330.0,2560,1440,Intel,2.5,256000,SSD,Intel
Asus,Notebook,14.0,4,Windows 10,1.63,299.0,1366,768,Intel,1.1,32000,Flash,Intel
Dell,Notebook,15.6,8,Windows 10,1.95,810.0,1366,768,Intel,2.5,128000,SSD,Intel
Lenovo,2in1_Convertible,13.9,8,Windows 10,1.38,1349.0,1920,1080,Intel,2.7,256000,SSD,Intel
Dell,Notebook,15.6,8,Windows 10,2.0,739.0,1920,1080,Intel,2.0,256000,SSD,AMD
HP,Workstation,15.6,8,Windows 10,3.14,2064.9,1920,1080,Intel,2.8,256000,SSD,Nvidia
Asus,Notebook,15.6,8,Windows 10,2.37,1099.0,1920,1080,Intel,2.5,256000,SSD,Intel
Dell,Ultrabook,13.3,8,Windows 10,1.29,1499.0,1920,1080,Intel,2.5,256000,SSD,Intel
Dell,Notebook,15.6,8,Windows 10,2.06,1749.0,3840,2160,Intel,2.5,256000,SSD,Nvidia
Dell,Netbook,11.6,4,Windows 10,1.63,744.0,1366,768,Intel,1.1,128000,SSD,Intel
HP,Netbook,12.5,8,Windows 10,1.26,1389.0,1366,768,Intel,2.6,256000,SSD,Intel
HP,Notebook,15.6,8,Windows 10,2.04,629.0,1366,768,AMD,2.5,2000000,HDD,AMD
Dell,Gaming,15.6,16,Windows 10,2.62,1679.0,3840,2160,Intel,2.8,512000,SSD,Nvidia
Lenovo,Notebook,15.6,4,Windows 10,2.4,609.0,1920,1080,Intel,2.5,1000000,HDD,Nvidia
HP,Gaming,17.3,12,Windows 10,3.74,1749.0,1920,1080,Intel,2.8,1000000,HDD,AMD
Dell,Notebook,15.6,8,Windows 10,1.98,961.0,1920,1080,Intel,2.7,1000000,HDD,Nvidia
Dell,Notebook,15.6,8,Windows 10,2.18,789.81,1920,1080,Intel,2.5,256000,SSD,AMD
Lenovo,Ultrabook,14.0,8,Windows 10,1.32,1859.0,1920,1080,Intel,2.7,256000,SSD,Intel
HP,Netbook,11.6,4,Chrome OS,1.23,385.0,1366,768,Intel,1.6,16000,Flash,Intel
Dell,Gaming,17.3,16,Windows 10,4.36,2505.02,1920,1080,Intel,2.8,128000,SSD,Nvidia
Dell,Notebook,14.0,4,Windows 10,1.76,755.0,1366,768,Intel,2.3,500000,HDD,Intel
Lenovo,Notebook,15.6,4,Windows 10,2.1,489.9,1366,768,Intel,2.0,500000,HDD,Intel
Lenovo,Ultrabook,14.0,8,Windows 10,1.13,2499.0,1920,1080,Intel,2.7,512000,SSD,Intel
Lenovo,Ultrabook,14.0,8,Windows 10,1.13,1875.0,1920,1080,Intel,2.5,256000,Flash,Intel
Asus,2in1_Convertible,13.3,8,Windows 10,1.1,1358.0,1920,1080,Intel,2.5,256000,SSD,Intel
Dell,Notebook,14.0,4,Windows 10,1.76,585.0,1366,768,Intel,2.0,500000,HDD,Intel
Acer,Netbook,11.6,4,Chrome OS,1.35,355.0,1366,768,Intel,1.6,32000,Flash,Intel
Acer,Notebook,14.0,8,Windows 10,1.5,619.0,1920,1080,Intel,2.4,128000,SSD,Intel
Lenovo,Ultrabook,14.0,16,Windows 10,1.1,2099.0,2560,1440,Intel,2.6,512000,SSD,Intel
Asus,Notebook,15.6,4,Linux,2.1,519.0,1920,1080,Intel,2.5,1000000,HDD,Nvidia
Lenovo,Notebook,14.0,8,Windows 10,1.7,1186.0,1920,1080,Intel,2.3,256000,SSD,Intel
Lenovo,Notebook,14.0,8,Windows 10,1.32,1650.0,1920,1080,Intel,2.6,256000,SSD,Intel
Dell,Gaming,15.6,16,Windows 10,3.21,2774.63,1920,1080,Intel,2.8,256000,SSD,Nvidia
Asus,Gaming,17.3,16,Windows 10,2.9,2419.0,1920,1080,Intel,2.8,256000,SSD,Nvidia
Lenovo,Notebook,14.0,4,Chrome OS,1.5,325.0,1366,768,Intel,1.6,16000,Flash,Intel
Asus,Notebook,15.6,8,Windows 10,2.3,590.0,1920,1080,Intel,2.5,128000,HDD,Intel
Asus,Gaming,17.3,16,Windows 10,2.73,1799.0,1920,1080,Intel,2.6,512000,SSD,Nvidia
Dell,Gaming,17.3,32,Windows 10,4.42,3072.89,1920,1080,Intel,2.8,512000,SSD,Nvidia
HP,Notebook,17.3,8,Windows 10,2.63,910.0,1600,900,Intel,2.5,1000000,HDD,Nvidia
Dell,Notebook,15.6,8,Windows 10,2.18,713.99,1366,768,Intel,2.5,128000,SSD,Intel
HP,Ultrabook,14.0,8,Windows 7,1.54,1870.0,1920,1080,Intel,2.5,512000,SSD,Intel
Dell,Notebook,15.6,4,Windows 10,2.18,739.0,1920,1080,Intel,2.7,256000,SSD,AMD
HP,2in1_Convertible,11.6,4,Chrome OS,1.4,615.0,1366,768,Intel,1.1,32000,Flash,Intel
Asus,Ultrabook,13.3,8,Windows 10,1.45,1026.0,1920,1080,Intel,2.3,512000,SSD,Nvidia
HP,2in1_Convertible,13.3,8,Windows 10,1.28,2277.0,1920,1080,Intel,2.5,256000,SSD,Intel
HP,Ultrabook,14.0,8,Windows 10,1.54,1468.0,1920,1080,Intel,2.5,512000,SSD,Intel
HP,Notebook,15.6,4,No OS,1.86,299.0,1366,768,Intel,1.6,128000,SSD,Intel
Asus,Gaming,15.6,16,Windows 10,2.1,1899.0,1920,1080,Intel,2.8,128000,SSD,Nvidia
Dell,Notebook,17.3,8,Linux,2.83,865.0,1920,1080,Intel,2.7,1000000,HDD,AMD
Lenovo,Ultrabook,14.0,8,Windows 10,1.96,1903.0,1920,1080,Intel,2.8,256000,SSD,Nvidia
Asus,Notebook,15.6,8,Windows 10,2.3,787.0,1920,1080,Intel,2.7,256000,SSD,Nvidia
Dell,Notebook,15.6,8,Windows 10,1.9,945.0,1920,1080,Intel,2.5,128000,SSD,Intel
Asus,Notebook,15.6,4,Windows 10,2.0,449.0,1366,768,Intel,1.1,1000000,HDD,Intel
HP,2in1_Convertible,13.3,8,Windows 10,1.28,2559.0,1920,1080,Intel,2.8,256000,SSD,Intel
Dell,Notebook,13.3,8,Windows 10,1.62,649.0,1920,1080,Intel,2.3,1000000,HDD,Intel
Lenovo,Notebook,15.6,4,No OS,2.2,469.0,1920,1080,Intel,2.0,1000000,HDD,Intel
Lenovo,Notebook,15.6,8,Windows 10,2.3,850.66,1920,1080,Intel,2.5,1000000,HDD,Intel
HP,Notebook,15.6,8,Windows 10,1.84,1349.0,1920,1080,Intel,2.6,256000,SSD,AMD
Lenovo,Gaming,15.6,8,No OS,2.5,1017.0,1920,1080,Intel,2.5,1000000,HDD,Nvidia
Dell,Ultrabook,13.3,16,Windows 10,1.29,2240.0,3200,1800,Intel,2.5,512000,SSD,Intel
HP,Notebook,15.6,4,Windows 10,2.07,910.0,1920,1080,Intel,2.3,500000,HDD,Intel
Lenovo,2in1_Convertible,13.3,8,Windows 10,1.37,1950.0,1920,1080,Intel,2.7,256000,SSD,Intel
Acer,Notebook,14.0,8,Windows 10,1.56,902.0,1920,1080,Intel,2.5,256000,SSD,Intel
Dell,Workstation,15.6,8,Windows 10,2.23,1778.0,1920,1080,Intel,2.8,1000000,HDD,Nvidia
Lenovo,Notebook,15.6,4,Windows 10,2.38,1055.0,1366,768,Intel,2.5,500000,HDD,Intel
Lenovo,Notebook,15.6,4,No OS,2.2,479.0,1920,1080,Intel,2.0,1000000,HDD,AMD
Lenovo,Notebook,13.3,4,Windows 10,1.44,735.0,1920,1080,Intel,2.4,180000,SSD,Intel
Dell,Ultrabook,12.5,8,Windows 10,1.6,1690.0,1920,1080,Intel,2.8,256000,SSD,Intel
Asus,Notebook,15.6,4,Linux,2.0,398.99,1366,768,Intel,1.1,1000000,HDD,Intel
Dell,Notebook,15.6,4,Windows 10,2.18,912.5,1920,1080,Intel,2.5,128000,SSD,Nvidia
HP,Notebook,15.6,4,Windows 10,2.04,839.0,1920,1080,Intel,2.5,256000,SSD,Intel
HP,2in1_Convertible,13.3,4,Windows 10,1.28,1700.0,1920,1080,Intel,2.5,256000,SSD,Intel
HP,2in1_Convertible,15.6,4,Windows 10,2.3,684.8,1366,768,Intel,2.5,500000,HDD,Intel
Asus,Notebook,14.1,4,Windows 10,1.65,348.0,1366,768,Intel,1.1,32000,Flash,Intel
Lenovo,Notebook,15.6,8,Windows 10,2.2,669.0,1920,1080,Intel,2.5,1000000,HDD,Nvidia
Dell,Notebook,15.6,4,Windows 10,2.2,369.0,1366,768,Intel,1.6,500000,HDD,Intel
HP,2in1_Convertible,13.3,4,Windows 10,1.28,1799.0,1920,1080,Intel,2.5,256000,SSD,Intel
Dell,Notebook,15.6,4,Linux,2.18,455.7,1366,768,Intel,2.0,1000000,HDD,AMD
Asus,Gaming,17.3,12,Windows 10,2.2,1369.9,1920,1080,Intel,2.5,128000,SSD,Nvidia
Acer,Netbook,11.6,4,Chrome OS,1.25,297.0,1366,768,Intel,1.6,32000,Flash,Intel
Lenovo,Notebook,17.3,4,Windows 10,2.8,379.0,1600,900,AMD,2.2,500000,HDD,AMD
HP,Notebook,14.0,4,Windows 10,1.95,1265.0,1920,1080,Intel,2.5,128000,SSD,Intel
HP,2in1_Convertible,13.3,16,Windows 10,1.42,1399.0,3200,1800,Intel,2.7,256000,SSD,Intel
Lenovo,Ultrabook,14.0,8,Windows 10,1.32,1799.0,1920,1080,Intel,2.5,256000,SSD,Intel
Dell,Gaming,15.6,8,Linux,2.62,929.0,1920,1080,Intel,2.8,1000000,HDD,Nvidia
HP,Notebook,15.6,8,Windows 10,2.04,900.0,1920,1080,Intel,2.7,1000000,HDD,Nvidia
Dell,Notebook,15.6,4,Windows 10,2.18,614.0,1366,768,Intel,2.0,1000000,HDD,AMD
Dell,Notebook,15.6,8,Windows 10,1.9,935.0,1920,1080,Intel,2.6,500000,HDD,Intel
Dell,2in1_Convertible,13.3,8,Windows 10,1.24,2013.1,3200,1800,Intel,1.3,512000,SSD,Intel
Asus,Gaming,17.3,32,Windows 10,3.58,1279.0,1920,1080,Intel,2.7,256000,SSD,Nvidia
Dell,2in1_Convertible,13.3,16,Windows 10,1.22,1649.0,1920,1080,Intel,1.3,256000,SSD,Intel
Lenovo,Ultrabook,14.0,8,Windows 10,1.13,2049.0,1920,1080,Intel,2.7,256000,Flash,Intel
Lenovo,Notebook,15.6,8,Windows 10,1.95,1962.99,1920,1080,Intel,2.5,512000,SSD,Intel
HP,Netbook,12.5,8,Windows 10,1.26,1483.0,1920,1080,Intel,2.7,512000,SSD,Intel
Acer,Notebook,15.6,4,Chrome OS,2.2,359.0,1920,1080,Intel,1.5,16000,Flash,Intel
Lenovo,Notebook,15.6,8,Windows 10,2.6,789.0,1920,1080,Intel,2.3,128000,SSD,Nvidia
Dell,Notebook,14.0,8,Windows 10,1.6,1205.0,1920,1080,Intel,2.8,256000,SSD,Intel
HP,Ultrabook,12.5,8,Windows 10,1.09,3100.0,3840,2160,Intel,1.2,240000,SSD,Intel
Lenovo,Notebook,15.6,6,Windows 10,2.2,789.0,1920,1080,Intel,2.7,256000,SSD,Nvidia
HP,Notebook,15.6,8,Windows 10,2.04,1018.99,1920,1080,Intel,2.7,256000,SSD,Nvidia
Acer,Notebook,15.6,4,Windows 10,2.4,499.0,1920,1080,Intel,2.4,1000000,HDD,Intel
Lenovo,Notebook,13.3,4,Windows 10,1.44,881.0,1920,1080,Intel,2.5,128000,SSD,Intel
HP,Notebook,13.3,8,Windows 10,1.49,960.0,1920,1080,Intel,2.5,256000,SSD,Intel
Dell,Gaming,15.6,16,Windows 10,2.6,1349.0,1920,1080,Intel,2.8,128000,SSD,Nvidia
Dell,Notebook,15.6,4,Windows 10,2.18,684.99,1366,768,Intel,2.5,1000000,HDD,AMD
HP,Ultrabook,15.6,8,Windows 10,1.84,1296.99,1920,1080,Intel,2.5,256000,SSD,AMD
HP,Ultrabook,13.3,8,Windows 10,1.39,1149.0,3200,1800,Intel,2.7,256000,SSD,Intel
Lenovo,2in1_Convertible,13.3,8,Windows 10,1.37,1825.0,1920,1080,Intel,2.5,512000,SSD,Intel
Dell,Notebook,15.6,4,Windows 10,1.95,729.9,1366,768,Intel,2.3,500000,HDD,Intel
Lenovo,Ultrabook,12.5,8,Windows 10,1.36,1650.0,1920,1080,Intel,2.7,256000,SSD,Intel
HP,Notebook,15.6,8,Windows 10,2.31,1165.0,1920,1080,Intel,2.3,256000,SSD,Intel
Dell,Notebook,15.6,4,Windows 10,2.18,708.06,1366,768,Intel,2.5,1000000,HDD,Intel
HP,Notebook,14.0,4,Windows 10,1.95,1149.0,1366,768,Intel,2.3,500000,HDD,Intel
Lenovo,Notebook,15.6,4,Windows 10,2.2,309.0,1366,768,Intel,1.1,1000000,HDD,Intel
HP,Ultrabook,12.5,4,Windows 10,1.26,1579.0,1920,1080,Intel,2.3,500000,HDD,Intel
HP,Notebook,15.6,4,No OS,1.86,288.9,1366,768,Intel,1.6,1000000,HDD,Intel
Lenovo,2in1_Convertible,13.3,16,Windows 10,1.3,1799.0,3200,1800,Intel,2.2,1000000,SSD,Intel
HP,Netbook,12.5,8,Windows 10,1.26,1669.0,1920,1080,Intel,2.3,256000,SSD,Intel
Dell,Notebook,15.6,4,Windows 10,2.18,558.6,1366,768,Intel,2.0,1000000,HDD,Intel
Dell,Ultrabook,14.0,8,Windows 10,1.36,1639.0,1920,1080,Intel,2.5,256000,SSD,Intel
Dell,Gaming,17.3,16,Windows 10,4.36,2758.0,2560,1440,Intel,2.7,512000,SSD,Nvidia
HP,Gaming,17.3,8,Windows 10,2.75,1399.0,1920,1080,Intel,2.3,128000,SSD,Nvidia
Asus,Notebook,17.3,4,Windows 10,2.8,530.0,1600,900,Intel,1.6,1000000,HDD,Nvidia
Acer,Notebook,15.6,4,Windows 10,2.23,619.0,1366,768,Intel,2.5,500000,HDD,Intel
Lenovo,2in1_Convertible,11.3,8,Windows 10,1.1,1299.0,1920,1080,Intel,1.2,256000,SSD,Intel
Lenovo,Gaming,15.6,16,Windows 10,2.5,999.0,1920,1080,AMD,2.1,512000,SSD,AMD
Dell,Ultrabook,12.5,8,Windows 10,1.36,1472.2,1920,1080,Intel,2.5,256000,SSD,Intel
Lenovo,Notebook,15.6,8,No OS,2.2,685.0,1920,1080,Intel,2.7,1000000,HDD,Nvidia
Dell,Notebook,17.3,4,Windows 10,2.36,659.0,1600,900,Intel,2.0,1000000,HDD,AMD
Acer,Notebook,14.0,4,Chrome OS,1.68,349.0,1366,768,Intel,1.6,32000,Flash,Intel
HP,Workstation,15.6,8,Windows 10,2.0,2249.0,1920,1080,Intel,2.7,8000,SSD,Nvidia
Dell,Ultrabook,14.0,8,Windows 10,1.36,1775.0,1920,1080,Intel,2.8,256000,SSD,Intel
Asus,2in1_Convertible,12.5,8,Chrome OS,1.2,1159.0,1920,1080,Intel,1.2,64000,Flash,Intel
Lenovo,Ultrabook,14.0,8,Windows 10,1.7,1488.99,1920,1080,Intel,2.6,256000,SSD,Intel
Dell,Gaming,17.3,16,Windows 10,4.36,3154.0,3840,2160,Intel,2.8,512000,SSD,Nvidia
Dell,2in1_Convertible,13.3,8,Windows 10,1.24,1899.0,1920,1080,Intel,1.2,256000,SSD,Intel
HP,2in1_Convertible,11.6,4,Windows 10,1.45,775.0,1366,768,Intel,1.1,256000,SSD,Intel
Dell,Ultrabook,13.3,8,Windows 10,1.3,1268.0,3200,1800,Intel,2.5,256000,SSD,Intel
Acer,2in1_Convertible,11.6,4,Chrome OS,1.25,389.0,1366,768,Intel,1.6,32000,Flash,Intel
Lenovo,Ultrabook,12.5,8,Windows 10,1.36,1760.0,1920,1080,Intel,2.6,256000,SSD,Intel
Acer,Notebook,15.6,12,Windows 10,2.4,1009.0,1920,1080,Intel,2.5,128000,SSD,Nvidia
HP,Notebook,15.6,8,Windows 10,2.04,846.5,1366,768,Intel,2.5,1000000,HDD,Nvidia
Dell,Notebook,15.6,4,Linux,2.25,465.62,1366,768,Intel,2.0,1000000,HDD,AMD
Dell,Notebook,15.6,4,Windows 10,1.9,825.0,1366,768,Intel,2.5,500000,HDD,Intel
HP,Notebook,15.6,4,Windows 10,2.04,685.0,1920,1080,Intel,2.4,500000,HDD,Intel
Dell,Gaming,17.3,32,Windows 10,4.42,3149.0,1920,1080,Intel,2.8,256000,SSD,Nvidia
Lenovo,Notebook,15.6,6,Windows 10,2.4,695.0,1920,1080,Intel,2.5,256000,SSD,Nvidia
Dell,2in1_Convertible,13.3,16,Windows 10,1.22,1899.0,3200,1800,Intel,1.3,512000,SSD,Intel
Dell,Ultrabook,14.0,8,Windows 10,1.5,1962.98,2560,1440,Intel,2.6,256000,SSD,Intel
Dell,Gaming,17.3,32,Windows 10,4.42,2800.0,1920,1080,Intel,2.6,256000,SSD,Nvidia
Asus,Gaming,17.3,16,Windows 10,2.73,2049.9,1920,1080,Intel,2.8,256000,SSD,Nvidia
HP,Notebook,15.6,8,Windows 10,2.04,979.0,1920,1080,Intel,2.7,128000,SSD,Nvidia
Lenovo,Notebook,14.0,4,Windows 7,1.7,1002.0,1366,768,Intel,2.3,508000,Hybrid,Intel
Asus,2in1_Convertible,15.6,16,Windows 10,2.3,1799.0,3840,2160,Intel,2.7,512000,SSD,Nvidia
HP,Notebook,15.6,6,Windows 10,2.04,579.0,1366,768,Intel,2.7,1000000,HDD,Intel
Asus,Gaming,17.3,16,Windows 10,2.99,1749.0,1920,1080,Intel,2.8,256000,SSD,Nvidia
Dell,2in1_Convertible,15.6,12,Windows 10,2.19,1299.0,1920,1080,Intel,2.7,512000,SSD,Intel
Lenovo,Notebook,15.6,6,Windows 10,2.2,549.0,1920,1080,AMD,3.6,256000,SSD,AMD
Dell,Notebook,15.6,4,Windows 10,2.25,599.0,1366,768,Intel,2.5,500000,HDD,AMD
HP,Notebook,15.6,8,Windows 10,2.04,806.0,1920,1080,Intel,2.5,1000000,HDD,Intel
Lenovo,Gaming,15.6,8,Windows 10,2.5,1189.0,1920,1080,Intel,2.8,128000,SSD,Nvidia
Dell,Notebook,15.6,8,Windows 10,2.36,749.0,1366,768,Intel,2.7,1000000,HDD,AMD
Dell,Notebook,14.0,8,Windows 10,1.6,1119.0,1920,1080,Intel,2.5,128000,SSD,Intel
HP,Netbook,12.5,8,Windows 10,0.97,1908.0,1920,1080,Intel,1.2,512000,SSD,Intel
HP,Notebook,15.6,4,Windows 10,2.1,499.0,1920,1080,Intel,2.0,128000,SSD,AMD
Lenovo,Notebook,15.6,4,No OS,1.9,270.62,1366,768,Intel,1.1,128000,SSD,Intel
Lenovo,Notebook,15.6,8,Windows 10,2.3,1349.0,1920,1080,Intel,2.3,256000,SSD,Intel
Dell,2in1_Convertible,13.3,8,Windows 10,1.68,889.0,1920,1080,Intel,2.5,256000,SSD,Intel
Asus,Notebook,13.3,8,Windows 10,1.4,1150.0,3200,1800,Intel,2.5,256000,SSD,Intel
HP,Ultrabook,13.3,8,Windows 10,1.11,1349.0,1920,1080,Intel,2.7,256000,SSD,Intel
Acer,Notebook,15.6,4,Windows 10,2.4,380.0,1366,768,Intel,1.1,500000,HDD,Intel
Asus,Gaming,15.6,16,Windows 10,2.5,1799.0,1920,1080,Intel,2.8,256000,SSD,Nvidia
HP,Ultrabook,14.0,8,Windows 10,1.48,2089.0,1920,1080,Intel,2.7,512000,SSD,Intel
Acer,Gaming,15.6,8,Windows 10,2.7,1260.0,1920,1080,Intel,2.8,128000,SSD,Nvidia
HP,Notebook,13.3,8,Windows 10,1.34,1189.0,1920,1080,Intel,2.5,256000,SSD,Intel
Dell,Notebook,15.6,4,Windows 10,2.18,547.0,1366,768,Intel,2.4,128000,SSD,Intel
HP,Notebook,14.0,4,Windows 10,1.64,779.0,1366,768,Intel,2.5,500000,HDD,Intel
HP,Notebook,14.0,4,Windows 10,1.48,1099.99,1366,768,Intel,2.4,256000,SSD,Intel
HP,Notebook,14.0,4,Windows 10,1.95,1205.0,1920,1080,Intel,2.5,256000,SSD,Intel
HP,Ultrabook,14.0,8,Windows 7,1.43,1449.0,1920,1080,Intel,2.6,256000,SSD,Intel
HP,Notebook,14.0,8,Windows 10,1.64,1049.26,1920,1080,Intel,2.5,256000,SSD,Nvidia
HP,Notebook,14.0,4,Windows 10,1.64,684.0,1366,768,Intel,2.4,500000,HDD,Intel
Dell,Gaming,15.6,8,Windows 10,2.65,949.0,1920,1080,Intel,2.5,1000000,Hybrid,Nvidia
HP,Ultrabook,12.5,4,Windows 10,1.26,1539.0,1920,1080,Intel,2.5,500000,HDD,Intel
HP,Notebook,14.0,4,Windows 10,1.48,1590.0,1920,1080,Intel,2.5,256000,SSD,Intel
HP,Ultrabook,14.0,8,Windows 10,1.54,1887.21,1920,1080,Intel,2.5,256000,SSD,Intel
HP,Notebook,13.3,4,Windows 10,1.49,800.0,1366,768,Intel,2.4,500000,HDD,Intel
HP,Notebook,15.6,4,Windows 10,2.04,769.99,1366,768,Intel,2.4,256000,SSD,Intel
Lenovo,Notebook,17.3,16,Windows 7,2.4,2968.0,3840,2160,Intel,2.7,512000,SSD,Nvidia
HP,Notebook,14.0,8,Windows 10,1.43,2229.0,1920,1080,Intel,2.5,256000,SSD,Intel
Dell,2in1_Convertible,15.6,4,Windows 10,2.08,795.99,1920,1080,Intel,2.3,1000000,HDD,Intel
HP,Notebook,13.3,8,Windows 10,1.11,1149.0,1920,1080,Intel,2.5,256000,SSD,Intel
HP,Notebook,14.0,8,Windows 10,1.64,1185.43,1920,1080,Intel,2.7,256000,SSD,Nvidia
Dell,Notebook,15.6,8,Windows 10,2.09,1046.44,1920,1080,Intel,2.4,500000,HDD,Intel
HP,Ultrabook,12.5,4,Windows 10,1.26,1559.0,1366,768,Intel,2.5,256000,SSD,Intel
HP,Notebook,14.0,4,Windows 10,2.31,1189.0,1366,768,Intel,2.5,500000,HDD,Intel
HP,Notebook,14.0,4,Windows 10,1.95,1060.0,1366,768,Intel,2.5,500000,HDD,Intel
Dell,Ultrabook,13.3,8,Windows 10,1.29,1624.0,3200,1800,Intel,2.5,256000,SSD,Intel
HP,Notebook,17.3,8,Windows 10,2.63,1080.0,1920,1080,Intel,2.5,256000,SSD,Nvidia
HP,Notebook,14.0,4,Windows 10,1.64,973.0,1366,768,Intel,2.5,256000,SSD,Intel
Acer,Notebook,15.6,6,Windows 10,2.1,409.0,1366,768,AMD,3.0,1000000,HDD,AMD
HP,Notebook,14.0,8,Windows 7,1.95,1195.0,1920,1080,Intel,2.3,256000,SSD,Intel
HP,Notebook,15.6,8,Windows 10,1.84,1228.99,1920,1080,Intel,2.5,256000,SSD,Intel
HP,Ultrabook,12.5,8,Windows 10,1.26,1349.0,1920,1080,Intel,2.5,256000,SSD,Intel
HP,Notebook,15.6,4,Windows 10,2.04,742.0,1366,768,Intel,2.5,500000,HDD,Intel
Dell,Notebook,15.6,8,Windows 7,2.09,1062.95,1920,1080,Intel,2.4,256000,SSD,Intel
HP,Notebook,14.0,8,Windows 10,1.64,1010.51,1920,1080,Intel,2.5,256000,SSD,Intel
Lenovo,2in1_Convertible,15.6,4,Windows 10,1.8,847.0,1920,1080,Intel,2.5,256000,SSD,Intel
Lenovo,Notebook,15.6,8,Windows 10,2.3,1049.6,1920,1080,Intel,2.3,256000,SSD,Intel
HP,Notebook,14.0,4,Windows 10,1.54,1000.0,1920,1080,Intel,2.3,500000,HDD,Intel
HP,Notebook,15.6,8,Windows 10,1.84,2103.34,1920,1080,Intel,2.4,256000,SSD,Intel
HP,Notebook,14.0,8,Windows 7,1.43,1469.0,1920,1080,Intel,2.3,256000,SSD,Intel
Lenovo,Gaming,17.3,16,Windows 10,4.6,2289.99,1920,1080,Intel,2.6,128000,SSD,Nvidia
Asus,Netbook,11.6,4,Chrome OS,1.2,287.9,1366,768,Intel,1.6,16000,Flash,Intel
Lenovo,Notebook,14.0,16,Windows 7,1.1,2620.0,2560,1440,Intel,2.6,256000,SSD,Intel
HP,Notebook,15.6,8,Windows 10,1.91,979.0,1920,1080,Intel,2.7,1000000,HDD,Nvidia
Dell,2in1_Convertible,15.6,8,Windows 10,2.3,1094.0,1920,1080,Intel,2.7,256000,SSD,Intel
HP,Notebook,15.6,4,Windows 10,2.04,979.0,1366,768,Intel,2.5,256000,SSD,Intel
Dell,Ultrabook,13.3,16,Windows 10,1.2,2254.0,3200,1800,Intel,2.7,1000000,SSD,Intel
HP,Notebook,15.6,4,Windows 10,2.31,705.15,1366,768,Intel,2.3,500000,HDD,Intel
HP,Notebook,15.6,4,No OS,1.96,499.0,1366,768,Intel,2.5,500000,HDD,Intel
Acer,Notebook,15.6,8,Windows 10,2.4,449.0,1366,768,AMD,2.2,1000000,HDD,AMD
Dell,2in1_Convertible,13.3,12,Windows 10,1.6,1299.0,1920,1080,Intel,2.7,256000,SSD,Intel
HP,Notebook,15.6,8,Windows 10,2.04,1070.0,1920,1080,Intel,2.7,256000,SSD,Intel
Asus,Gaming,17.3,16,No OS,4.0,998.0,1920,1080,Intel,2.6,1000000,HDD,Nvidia
Dell,Notebook,15.6,4,Windows 10,2.25,559.0,1920,1080,Intel,2.5,1000000,HDD,Intel
Dell,Notebook,15.6,16,Windows 10,2.32,989.99,1920,1080,Intel,2.7,2000000,HDD,AMD
Dell,Ultrabook,13.3,8,Windows 10,1.29,1458.0,1920,1080,Intel,2.7,256000,SSD,Intel
Asus,Gaming,17.3,64,Windows 10,3.58,3975.0,1920,1080,Intel,2.7,1000000,SSD,Nvidia
Dell,2in1_Convertible,13.3,8,Windows 10,1.62,798.01,1920,1080,Intel,2.5,256000,SSD,Intel
Dell,Gaming,15.6,16,Windows 10,3.21,1329.0,3840,2160,Intel,2.6,256000,SSD,Nvidia
Dell,Notebook,15.6,4,Windows 10,2.06,481.98,1366,768,Intel,2.3,500000,HDD,Intel
HP,Notebook,15.6,4,Windows 10,2.31,1199.0,1366,768,Intel,2.3,500000,HDD,Intel
HP,Ultrabook,12.5,8,Windows 7,1.26,1199.0,1920,1080,Intel,2.3,256000,SSD,Intel
HP,Notebook,13.3,8,Windows 10,1.49,1090.0,1920,1080,Intel,2.7,256000,SSD,Intel
Lenovo,Ultrabook,12.5,8,Windows 10,1.3,1713.49,1920,1080,Intel,2.5,256000,SSD,Intel
Lenovo,Notebook,17.3,8,Windows 10,3.0,659.0,1600,900,Intel,2.3,1000000,HDD,AMD
Lenovo,Notebook,15.6,4,Windows 10,2.3,977.0,1920,1080,Intel,2.3,1000000,HDD,Nvidia
Lenovo,Notebook,15.6,4,Windows 10,2.1,540.0,1366,768,Intel,2.3,500000,HDD,Intel
HP,Notebook,15.6,4,Windows 7,2.31,940.0,1920,1080,Intel,2.3,500000,HDD,Intel
Lenovo,Ultrabook,12.5,8,Windows 10,0.99,1399.0,2560,1440,Intel,1.2,512000,SSD,Intel
Lenovo,Gaming,17.3,32,Windows 10,4.6,3240.0,1920,1080,Intel,2.7,512000,SSD,Nvidia
Lenovo,2in1_Convertible,10.1,4,Windows 10,0.69,646.27,1920,1200,Intel,1.44,64000,Flash,Intel
HP,Ultrabook,13.3,16,Windows 10,1.3,2049.0,3840,2160,Intel,2.7,512000,SSD,Intel
Dell,Notebook,15.6,8,Windows 10,2.18,750.0,1920,1080,Intel,2.5,256000,SSD,Intel
HP,Notebook,14.0,4,Windows 7,1.54,1030.99,1920,1080,Intel,2.3,500000,HDD,Intel
HP,Workstation,15.6,8,Windows 7,1.9,1495.0,1920,1080,Intel,2.5,256000,SSD,AMD
Lenovo,Notebook,14.0,8,Windows 7,1.7,1199.0,1920,1080,Intel,2.3,180000,SSD,Intel
HP,Notebook,13.3,4,Chrome OS,1.29,615.0,3200,1800,Intel,1.5,32000,Flash,Intel
Acer,Notebook,15.6,4,Windows 10,2.4,387.0,1366,768,AMD,2.2,500000,HDD,AMD
Dell,Notebook,15.6,4,Linux,2.2,393.49,1366,768,Intel,1.6,500000,HDD,Intel
HP,Notebook,15.6,4,No OS,1.86,345.99,1366,768,Intel,2.0,1000000,HDD,Intel
Asus,Gaming,17.3,8,Windows 10,2.7,1599.0,1920,1080,Intel,2.8,256000,SSD,Nvidia
Dell,Ultrabook,13.3,4,Windows 10,1.4,818.35,1920,1080,Intel,1.6,256000,SSD,AMD
HP,Netbook,12.5,4,Windows 7,2.4,1599.0,1366,768,Intel,2.3,128000,SSD,Intel
Acer,Notebook,15.6,8,Windows 10,2.4,799.0,1920,1080,Intel,2.5,256000,SSD,Nvidia
Dell,Notebook,15.6,8,Windows 10,2.36,638.8,1920,1080,Intel,2.5,1000000,HDD,AMD
HP,Notebook,15.6,4,Windows 10,1.96,500.0,1366,768,Intel,1.6,1000000,HDD,Intel
Asus,Gaming,17.3,16,Windows 10,4.3,2299.0,1920,1080,Intel,2.6,128000,SSD,Nvidia
Dell,Ultrabook,12.5,4,Windows 7,1.5,1135.15,1366,768,Intel,2.3,500000,HDD,Intel
Dell,Ultrabook,12.5,4,Windows 7,1.5,1166.97,1366,768,Intel,2.3,128000,SSD,Intel
Acer,Notebook,15.6,4,Chrome OS,2.2,209.0,1366,768,Intel,1.5,16000,SSD,Intel
HP,Workstation,17.3,8,Windows 7,3.0,2899.0,1920,1080,Intel,2.6,1000000,HDD,AMD
Lenovo,Gaming,15.6,16,Windows 10,2.4,1199.0,1920,1080,Intel,2.8,512000,SSD,Nvidia
Dell,Ultrabook,12.5,8,Windows 7,1.5,1413.1,1366,768,Intel,2.3,256000,SSD,Intel
Lenovo,2in1_Convertible,15.6,4,Windows 10,2.1,867.0,1920,1080,Intel,2.3,256000,SSD,Intel
HP,Notebook,15.6,4,Windows 10,2.1,398.0,1920,1080,AMD,2.5,1000000,HDD,AMD
Asus,Gaming,15.6,16,Windows 10,2.59,1339.0,1920,1080,Intel,2.6,128000,SSD,Nvidia
HP,Notebook,13.3,8,Windows 10,1.16,1699.0,3200,1800,Intel,1.1,256000,SSD,Intel
Dell,Notebook,15.6,4,Windows 7,2.24,769.15,1366,768,Intel,2.3,500000,HDD,AMD
Lenovo,Notebook,15.6,4,Windows 10,2.1,429.0,1366,768,Intel,2.0,128000,SSD,Intel
HP,Ultrabook,13.3,8,Windows 10,1.16,1969.0,1920,1080,Intel,2.5,512000,SSD,Intel
Lenovo,2in1_Convertible,10.1,4,Android,0.69,549.0,1920,1200,Intel,1.44,64000,Flash,Intel
Dell,Ultrabook,13.3,8,Windows 10,1.23,1379.0,1920,1080,Intel,2.4,256000,SSD,Intel
Lenovo,Gaming,17.3,16,Windows 10,4.6,2749.99,1920,1080,Intel,2.7,256000,SSD,Nvidia
Asus,Gaming,17.3,8,Windows 10,3.52,1312.49,1920,1080,Intel,2.6,128000,SSD,Nvidia
HP,Notebook,13.3,8,Windows 10,1.16,1690.0,1920,1080,Intel,2.3,256000,SSD,Intel
HP,Notebook,14.0,8,Windows 7,1.43,1513.0,1920,1080,Intel,2.3,256000,SSD,Intel
Dell,Notebook,15.6,4,Linux,2.09,523.63,1366,768,Intel,2.3,500000,HDD,Intel
Asus,Notebook,15.6,4,Windows 10,2.0,435.0,1366,768,Intel,2.4,1000000,HDD,Intel
Lenovo,2in1_Convertible,14.0,8,Windows 10,1.8,1669.0,1920,1080,Intel,2.5,256000,SSD,Intel
Lenovo,2in1_Convertible,10.1,4,Windows 10,0.69,479.0,1920,1200,Intel,1.44,64000,Flash,Intel
HP,Ultrabook,12.5,8,Windows 7,1.26,1895.0,1366,768,Intel,2.4,256000,SSD,Intel
Lenovo,Gaming,15.6,8,No OS,2.4,989.0,1920,1080,Intel,2.5,128000,SSD,Nvidia
HP,Gaming,17.3,8,Windows 10,3.35,1129.0,1920,1080,Intel,2.3,128000,SSD,Nvidia
HP,Notebook,15.6,8,Windows 10,2.04,629.0,1366,768,Intel,2.7,2000000,HDD,Intel
Lenovo,2in1_Convertible,14.0,8,Windows 7,1.8,2050.38,1920,1080,Intel,2.6,512000,SSD,Nvidia
Asus,Notebook,14.0,4,Windows 10,1.5,278.0,1366,768,Intel,1.1,32000,Flash,Intel
HP,Ultrabook,15.6,8,Windows 10,1.84,752.0,1920,1080,Intel,2.7,256000,SSD,Intel
Acer,Notebook,15.6,4,Windows 10,2.23,616.0,1920,1080,Intel,2.5,1000000,HDD,Nvidia
Lenovo,Notebook,15.6,16,Windows 10,2.5,1099.0,1920,1080,Intel,2.5,1000000,Hybrid,AMD
HP,Workstation,17.3,8,Windows 7,3.0,3949.4,1920,1080,Intel,2.6,256000,SSD,Nvidia
Dell,Notebook,15.6,8,Windows 10,2.5,784.0,1366,768,Intel,2.5,1000000,HDD,AMD
HP,Ultrabook,15.6,8,Windows 7,1.88,2171.72,1920,1080,Intel,2.5,256000,SSD,Intel
Lenovo,2in1_Convertible,14.0,16,Windows 10,2.8,2440.0,2560,1440,Intel,2.6,512000,SSD,Intel
HP,2in1_Convertible,13.3,8,Windows 10,1.48,1629.0,1920,1080,Intel,2.4,256000,SSD,Intel
HP,Workstation,15.6,8,Windows 7,2.59,2229.0,1920,1080,Intel,2.6,256000,SSD,Nvidia
HP,2in1_Convertible,13.3,8,Windows 10,1.48,1799.0,2560,1440,Intel,2.6,256000,SSD,Intel
HP,Workstation,15.6,8,Windows 7,2.0,1899.0,1920,1080,Intel,2.6,256000,SSD,Nvidia
HP,Ultrabook,12.5,8,Windows 7,1.26,2296.95,1920,1080,Intel,2.5,256000,SSD,Intel
Dell,Notebook,15.6,8,Windows 10,2.18,1009.9,1920,1080,Intel,2.7,256000,SSD,Nvidia
HP,Notebook,15.6,8,Windows 7,1.88,1579.0,1920,1080,Intel,2.3,256000,SSD,Intel
Lenovo,2in1_Convertible,14.0,8,Windows 10,1.27,2339.0,2560,1440,Intel,2.5,256000,SSD,Intel
Lenovo,Notebook,15.6,4,No OS,1.9,339.0,1366,768,Intel,2.0,1000000,HDD,Intel
HP,Notebook,15.6,4,Windows 10,1.86,297.0,1366,768,AMD,1.8,500000,HDD,AMD
Lenovo,Notebook,15.6,8,No OS,2.32,599.0,1920,1080,Intel,2.3,1000000,HDD,AMD
Dell,Gaming,15.6,8,Windows 10,2.62,1199.0,1920,1080,Intel,2.8,1000000,HDD,Nvidia
Dell,Notebook,15.6,8,Windows 10,2.04,2250.68,3840,2160,Intel,2.3,256000,SSD,Nvidia
HP,Notebook,15.6,4,Windows 10,1.91,478.89,1920,1080,AMD,2.5,256000,SSD,AMD
Lenovo,Ultrabook,14.0,12,Windows 7,1.4,2299.0,1920,1080,Intel,2.6,512000,SSD,Intel
Lenovo,Notebook,15.6,8,Windows 10,2.5,788.49,1920,1080,Intel,2.3,1000000,Hybrid,AMD
HP,2in1_Convertible,13.3,8,Windows 10,1.48,2041.0,2560,1440,Intel,2.6,512000,SSD,Intel
Lenovo,Ultrabook,14.0,8,Windows 7,1.7,1499.0,1920,1080,Intel,2.6,256000,SSD,Intel
HP,Gaming,15.6,8,Windows 10,2.62,899.0,1920,1080,Intel,2.8,1000000,HDD,Nvidia
Lenovo,Notebook,15.6,8,Windows 10,2.2,459.0,1366,768,Intel,2.0,1000000,HDD,Intel
HP,Notebook,15.6,4,No OS,2.1,476.99,1366,768,Intel,2.3,500000,HDD,Intel
Dell,Gaming,15.6,8,Windows 10,2.62,1498.0,3840,2160,Intel,2.8,128000,SSD,Nvidia
Lenovo,Notebook,15.6,8,Windows 10,1.95,1390.0,1920,1080,Intel,2.5,256000,SSD,Intel
Lenovo,Notebook,15.6,4,Windows 10,2.2,468.0,1920,1080,Intel,2.0,1000000,HDD,Nvidia
HP,Notebook,14.0,2,Windows 10,1.44,249.0,1366,768,Intel,1.6,32000,Flash,Intel
HP,Notebook,15.6,8,Windows 10,1.96,679.0,1920,1080,Intel,2.5,256000,SSD,Intel
HP,Notebook,15.6,16,Windows 10,2.1,1159.0,1920,1080,Intel,1.8,512000,SSD,Intel
Asus,Notebook,15.6,4,Windows 10,2.2,369.0,1366,768,Intel,1.6,500000,HDD,Intel
Lenovo,Notebook,15.6,4,No OS,2.1,398.0,1366,768,Intel,2.3,500000,HDD,Intel
Lenovo,Notebook,15.6,8,No OS,2.2,709.0,1920,1080,Intel,2.7,1000000,HDD,Nvidia
Asus,Notebook,14.0,4,Windows 10,2.0,769.0,1920,1080,Intel,2.4,256000,SSD,Intel
Lenovo,Notebook,15.6,4,Windows 7,2.32,825.0,1920,1080,Intel,2.5,1000000,Hybrid,Intel
Lenovo,Gaming,15.6,16,Windows 10,3.31,1305.0,1920,1080,Intel,2.6,512000,SSD,Nvidia
HP,Notebook,15.6,4,Windows 10,2.07,650.0,1366,768,Intel,2.3,500000,HDD,Intel
Lenovo,2in1_Convertible,14.0,8,Windows 10,1.36,1637.0,2560,1440,Intel,2.3,256000,SSD,Intel
Lenovo,Ultrabook,15.6,6,Windows 10,1.54,831.0,1920,1080,Intel,2.7,256000,SSD,Nvidia
Dell,Notebook,15.6,8,Linux,1.98,895.01,1920,1080,Intel,2.7,256000,SSD,Nvidia
Acer,Notebook,15.6,4,Windows 10,2.1,333.0,1366,768,Intel,2.0,500000,HDD,Intel
HP,Notebook,15.6,6,Windows 10,2.18,799.0,1920,1080,Intel,2.6,1000000,HDD,Nvidia
Asus,Gaming,15.6,8,Windows 10,2.591,909.0,1920,1080,Intel,2.6,256000,SSD,Nvidia
Dell,2in1_Convertible,15.6,16,Windows 10,2.09,1179.0,1920,1080,Intel,2.7,512000,SSD,Intel
Acer,Notebook,15.6,4,Windows 10,2.23,691.0,1920,1080,Intel,2.5,256000,SSD,Nvidia
Dell,Ultrabook,13.3,8,Linux,1.23,1099.0,3200,1800,Intel,2.4,256000,SSD,Intel
Acer,Gaming,17.3,16,Windows 10,4.2,2599.0,1920,1080,Intel,2.8,256000,SSD,Nvidia
Lenovo,Gaming,15.6,8,Windows 10,2.4,819.0,1920,1080,Intel,2.5,1000000,HDD,Nvidia
HP,Notebook,15.6,4,Windows 10,1.86,485.0,1366,768,Intel,2.5,500000,HDD,Intel
Dell,2in1_Convertible,13.3,8,Windows 10,1.6,1199.0,1920,1080,Intel,2.5,256000,SSD,Intel
HP,Notebook,15.6,12,Windows 10,2.21,1327.0,1920,1080,Intel,2.8,128000,SSD,Nvidia
Lenovo,Notebook,15.6,4,No OS,1.9,368.0,1366,768,Intel,2.0,1000000,HDD,AMD
Asus,Gaming,17.3,16,Windows 10,4.3,2150.0,1920,1080,Intel,2.6,512000,SSD,Nvidia
Acer,Notebook,15.6,4,Linux,2.1,272.0,1366,768,Intel,2.0,1000000,HDD,Intel
Dell,Notebook,15.6,4,Windows 10,2.3,499.0,1366,768,Intel,2.0,128000,SSD,AMD
Lenovo,Notebook,15.6,8,No OS,2.2,629.0,1366,768,Intel,2.5,500000,HDD,Nvidia
Dell,2in1_Convertible,15.6,16,Windows 10,2.0,1285.0,1920,1080,Intel,1.8,512000,SSD,Intel
Dell,Ultrabook,13.3,16,Windows 10,1.2,2680.0,3200,1800,Intel,2.7,512000,SSD,Intel
Asus,Gaming,15.6,8,Windows 10,2.2,1169.0,1920,1080,Intel,2.6,1000000,HDD,Nvidia
Dell,Notebook,15.6,8,Windows 10,2.36,889.0,1920,1080,Intel,2.5,256000,SSD,AMD
HP,Notebook,15.6,8,Windows 10,1.91,579.0,1366,768,Intel,2.5,256000,SSD,Intel
Lenovo,Notebook,15.6,4,Windows 10,2.2,299.0,1366,768,AMD,2.2,500000,HDD,AMD
Acer,Notebook,17.3,8,Windows 10,3.3,629.0,1600,900,Intel,2.0,1000000,HDD,Nvidia
Asus,Gaming,15.6,16,Windows 10,2.2,2449.0,1920,1080,Intel,2.8,256000,SSD,Nvidia
Asus,Notebook,15.6,16,Windows 10,2.2,1749.0,1920,1080,Intel,2.8,128000,SSD,Nvidia
Dell,2in1_Convertible,15.6,8,Windows 10,2.191,999.0,1920,1080,Intel,2.5,256000,SSD,Intel
Asus,Gaming,17.3,16,Windows 10,2.9,1949.0,1920,1080,Intel,2.8,256000,SSD,Nvidia
Acer,Netbook,11.6,2,Chrome OS,1.3,174.0,1366,768,Intel,1.5,32000,SSD,Intel
Acer,Notebook,17.3,4,Windows 10,3.3,598.0,1600,900,Intel,2.0,1000000,HDD,Nvidia
Lenovo,Notebook,17.3,8,No OS,2.8,539.0,1600,900,Intel,2.5,1000000,HDD,Intel
Lenovo,Gaming,15.6,8,Windows 10,2.6,1272.0,1920,1080,Intel,2.6,128000,SSD,Nvidia
Acer,2in1_Convertible,14.0,8,Windows 10,1.2,1149.0,1920,1080,Intel,1.3,256000,SSD,Intel
Lenovo,Notebook,15.6,8,Windows 10,2.3,1529.0,1920,1080,Intel,2.6,256000,SSD,Intel
HP,Notebook,15.6,6,Windows 10,2.1,529.0,1920,1080,AMD,2.7,1000000,HDD,AMD
Dell,Ultrabook,12.5,8,Windows 7,1.26,1713.37,1920,1080,Intel,2.4,256000,SSD,Intel
Dell,2in1_Convertible,15.0,4,Windows 10,2.08,509.0,1920,1080,Intel,2.4,500000,HDD,Intel
Asus,Notebook,15.6,4,Windows 10,2.65,309.0,1366,768,Intel,1.6,1000000,HDD,Intel
Dell,Ultrabook,13.3,8,Windows 10,1.29,1477.0,3200,1800,Intel,2.7,256000,SSD,Intel
Dell,Notebook,15.6,4,Linux,2.18,521.86,1366,768,Intel,2.5,1000000,HDD,Intel
Lenovo,Gaming,15.6,16,Windows 10,2.6,1029.0,1920,1080,Intel,2.6,128000,SSD,Nvidia
Lenovo,Netbook,12.5,16,Windows 10,1.3,1650.0,1920,1080,Intel,2.5,512000,SSD,Intel
Dell,Notebook,15.6,8,Windows 10,2.3,469.01,1366,768,Intel,2.4,1000000,HDD,Intel
HP,Notebook,15.6,4,Windows 10,2.1,478.0,1920,1080,Intel,2.0,1000000,HDD,Intel
HP,Ultrabook,14.0,8,Windows 7,1.54,2198.19,2560,1440,Intel,2.5,256000,SSD,Intel
Dell,Notebook,15.6,4,Windows 7,2.24,737.0,1366,768,Intel,2.3,500000,HDD,Intel
Lenovo,Notebook,13.3,16,Windows 10,1.4,1499.0,1920,1080,Intel,2.7,512000,SSD,Intel
Lenovo,Notebook,15.6,6,Windows 10,2.2,597.57,1920,1080,AMD,3.6,256000,SSD,AMD
Asus,Ultrabook,13.3,8,Windows 10,1.45,1280.0,1920,1080,Intel,2.5,256000,SSD,Intel
Acer,Notebook,15.6,4,Linux,2.4,361.8,1366,768,Intel,2.0,500000,HDD,Intel
Dell,2in1_Convertible,17.3,16,Windows 10,2.77,1799.0,1920,1080,Intel,2.7,512000,SSD,Nvidia
HP,Notebook,14.0,4,Windows 7,1.54,1099.99,1920,1080,Intel,2.3,256000,SSD,Intel
Asus,Gaming,15.6,16,Windows 10,2.5,1600.0,1920,1080,Intel,2.8,256000,SSD,Nvidia
Dell,Notebook,14.0,4,Windows 10,1.6,875.0,1366,768,Intel,2.5,500000,HDD,Intel
Asus,Gaming,15.6,16,Windows 10,2.34,2325.0,1920,1080,Intel,2.6,256000,SSD,Nvidia
Lenovo,Notebook,15.6,8,No OS,2.3,573.0,1920,1080,Intel,2.5,256000,SSD,Intel
Dell,2in1_Convertible,13.3,8,Windows 10,1.24,1813.0,3200,1800,Intel,1.2,256000,SSD,Intel
Dell,Notebook,15.6,4,Linux,2.2,324.0,1366,768,Intel,1.6,500000,HDD,Intel
HP,Notebook,15.6,4,Windows 10,1.86,399.0,1366,768,AMD,2.5,500000,HDD,AMD
Lenovo,Notebook,15.6,6,Windows 10,2.4,569.0,1920,1080,Intel,2.3,128000,SSD,Nvidia
Lenovo,Notebook,14.0,8,Windows 10,1.9,1072.0,1920,1080,Intel,2.3,256000,SSD,Intel
Dell,Notebook,15.6,4,Windows 10,2.2,443.99,1366,768,Intel,1.6,500000,HDD,Intel
Asus,Notebook,15.6,4,Windows 10,2.0,339.0,1366,768,Intel,1.1,1000000,HDD,Intel
Asus,Gaming,17.3,16,Windows 10,4.0,1900.0,1920,1080,Intel,2.6,128000,SSD,Nvidia
Dell,Notebook,15.6,4,Windows 10,2.29,490.0,1366,768,Intel,2.0,500000,HDD,Intel
Lenovo,Notebook,15.6,8,Windows 7,2.32,895.0,1920,1080,Intel,2.5,1000000,Hybrid,AMD
Lenovo,2in1_Convertible,14.0,4,Windows 10,1.8,833.01,1920,1080,Intel,2.3,128000,SSD,Intel
Asus,Ultrabook,13.3,8,Windows 10,1.2,729.0,1920,1080,Intel,0.9,512000,SSD,Intel
Dell,Notebook,15.6,6,Windows 10,2.3,459.0,1366,768,Intel,2.4,1000000,HDD,Intel
Acer,Notebook,15.6,4,Linux,2.4,289.0,1366,768,Intel,1.6,500000,HDD,Intel
Dell,Notebook,15.6,2,Windows 10,2.2,379.0,1366,768,Intel,1.6,500000,HDD,Intel
Lenovo,Notebook,15.6,8,Windows 10,2.6,899.0,1920,1080,Intel,2.6,1000000,HDD,Nvidia
HP,Notebook,15.6,6,Windows 10,2.04,549.99,1920,1080,AMD,2.9,1000000,Hybrid,AMD
Dell,Notebook,15.6,8,Linux,2.3,805.99,1366,768,Intel,2.7,1000000,HDD,AMD
HP,Netbook,11.6,2,Windows 10,1.17,209.0,1366,768,Intel,1.6,32000,Flash,Intel
Asus,Notebook,15.6,4,Windows 10,2.2,720.32,1366,768,Intel,2.5,500000,HDD,Nvidia
Lenovo,2in1_Convertible,14.0,4,Windows 10,1.8,638.0,1920,1080,Intel,2.5,128000,SSD,Intel
Lenovo,2in1_Convertible,13.3,16,Windows 10,1.3,1499.0,3200,1800,Intel,2.5,512000,SSD,Intel
Lenovo,Notebook,14.0,2,Windows 10,1.5,229.0,1366,768,Intel,1.6,64000,Flash,Intel
HP,Notebook,15.6,6,Windows 10,2.19,764.0,1366,768,Intel,2.5,1000000,HDD,AMD
Asus,Notebook,15.6,4,Windows 10,2.2,369.0,1366,768,Intel,1.6,500000,HDD,Intel
Asus,Ultrabook,13.3,8,Windows 10,1.2,729.0,1920,1080,Intel,0.9,512000,SSD,Intel
Dell,Notebook,15.6,6,Windows 10,2.3,459.0,1366,768,Intel,2.4,1000000,HDD,Intel
Acer,Notebook,15.6,4,Linux,2.4,289.0,1366,768,Intel,1.6,500000,HDD,Intel
Dell,Notebook,15.6,2,Windows 10,2.2,379.0,1366,768,Intel,1.6,500000,HDD,Intel
Lenovo,Notebook,15.6,8,Windows 10,2.6,899.0,1920,1080,Intel,2.6,1000000,HDD,Nvidia
HP,Notebook,15.6,6,Windows 10,2.04,549.99,1920,1080,AMD,2.9,1000000,Hybrid,AMD
Dell,Notebook,15.6,8,Linux,2.3,805.99,1366,768,Intel,2.7,1000000,HDD,AMD
HP,Netbook,11.6,2,Windows 10,1.17,209.0,1366,768,Intel,1.6,32000,Flash,Intel
Asus,Notebook,15.6,4,Windows 10,2.2,720.32,1366,768,Intel,2.5,500000,HDD,Nvidia
Lenovo,2in1_Convertible,14.0,4,Windows 10,1.8,638.0,1920,1080,Intel,2.5,128000,SSD,Intel
Lenovo,2in1_Convertible,13.3,16,Windows 10,1.3,1499.0,3200,1800,Intel,2.5,512000,SSD,Intel
Lenovo,Notebook,14.0,2,Windows 10,1.5,229.0,1366,768,Intel,1.6,64000,Flash,Intel
HP,Notebook,15.6,6,Windows 10,2.19,764.0,1366,768,Intel,2.5,1000000,HDD,AMD
Asus,Notebook,15.6,4,Windows 10,2.2,369.0,1366,768,Intel,1.6,500000,HDD,Intel
Asus,Ultrabook,13.3,8,Windows 10,1.2,729.0,1920,1080,Intel,0.9,512000,SSD,Intel
Dell,Notebook,15.6,6,Windows 10,2.3,459.0,1366,768,Intel,2.4,1000000,HDD,Intel
Acer,Notebook,15.6,4,Linux,2.4,289.0,1366,768,Intel,1.6,500000,HDD,Intel
Dell,Notebook,15.6,2,Windows 10,2.2,379.0,1366,768,Intel,1.6,500000,HDD,Intel
Lenovo,Notebook,15.6,8,Windows 10,2.6,899.0,1920,1080,Intel,2.6,1000000,HDD,Nvidia
HP,Notebook,15.6,6,Windows 10,2.04,549.99,1920,1080,AMD,2.9,1000000,Hybrid,AMD
Dell,Notebook,15.6,8,Linux,2.3,805.99,1366,768,Intel,2.7,1000000,HDD,AMD
HP,Netbook,11.6,2,Windows 10,1.17,209.0,1366,768,Intel,1.6,32000,Flash,Intel
Asus,Notebook,15.6,4,Windows 10,2.2,720.32,1366,768,Intel,2.5,500000,HDD,Nvidia
Lenovo,2in1_Convertible,14.0,4,Windows 10,1.8,638.0,1920,1080,Intel,2.5,128000,SSD,Intel
Lenovo,2in1_Convertible,13.3,16,Windows 10,1.3,1499.0,3200,1800,Intel,2.5,512000,SSD,Intel
Lenovo,Notebook,14.0,2,Windows 10,1.5,229.0,1366,768,Intel,1.6,64000,Flash,Intel
HP,Notebook,15.6,6,Windows 10,2.19,764.0,1366,768,Intel,2.5,1000000,HDD,AMD
Asus,Notebook,15.6,4,Windows 10,2.2,369.0,1366,768,Intel,1.6,500000,HDD,Intel
